cve_id,vulnerable_product
CVE-2005-3678,talk
CVE-2005-3662,pnmtopng
CVE-2005-3659,legato_networker
CVE-2005-3658,legato_networker
CVE-2005-3656,mod_auth_pgsql
CVE-2005-3653,brightstor_arcserve_backup
CVE-2005-3653,brightstor_arcserve_backup_laptops_desktops
CVE-2005-3653,brightstor_enterprise_backup
CVE-2005-3653,brightstor_portal
CVE-2005-3653,brightstor_process_automation_manager
CVE-2005-3653,brightstor_san_manager
CVE-2005-3653,brightstor_storage_resource_manager
CVE-2005-3653,etrust_admin
CVE-2005-3653,etrust_audit_aries
CVE-2005-3653,etrust_audit_irecorder
CVE-2005-3653,etrust_directory
CVE-2005-3653,etrust_identity_minder
CVE-2005-3653,etrust_integrated_threat_management
CVE-2005-3653,etrust_secure_content_manager
CVE-2005-3653,itechnology_igateway
CVE-2005-3653,unicenter_application_performance_monitor
CVE-2005-3653,unicenter_application_server_managment
CVE-2005-3653,unicenter_asset_portfolio_management
CVE-2005-3653,unicenter_autosys_jm
CVE-2005-3653,unicenter_ca_web_services_distributed_management
CVE-2005-3653,unicenter_exchange_management_console
CVE-2005-3653,unicenter_management
CVE-2005-3653,unicenter_service_catalog_fulfillment_accounting
CVE-2005-3653,unicenter_service_delivery
CVE-2005-3653,unicenter_service_desk
CVE-2005-3653,unicenter_service_desk_knowledge_tools
CVE-2005-3653,unicenter_service_fulfillment
CVE-2005-3653,unicenter_service_level_management
CVE-2005-3653,unicenter_service_metric_analysis
CVE-2005-3653,unicenter_web_server_management
CVE-2005-3653,unicenter_web_services_distributed_management
CVE-2005-3650,first4internet_xcp_drm
CVE-2005-3646,phpadsnew
CVE-2005-3646,phppgads
CVE-2005-3645,phpadsnew
CVE-2005-3645,phppgads
CVE-2005-3644,windows_2000
CVE-2005-3644,windows_xp
CVE-2005-3640,ftgate
CVE-2005-3631,enterprise_linux
CVE-2005-3631,enterprise_linux_desktop
CVE-2005-3626,cups
CVE-2005-3626,kdegraphics
CVE-2005-3626,koffice
CVE-2005-3626,kpdf
CVE-2005-3626,kword
CVE-2005-3626,libextractor
CVE-2005-3626,poppler
CVE-2005-3626,propack
CVE-2005-3626,tetex
CVE-2005-3626,xpdf
CVE-2005-3626,linux
CVE-2005-3626,debian_linux
CVE-2005-3626,mandrake_linux
CVE-2005-3626,mandrake_linux_corporate_server
CVE-2005-3626,enterprise_linux
CVE-2005-3626,enterprise_linux_desktop
CVE-2005-3626,fedora_core
CVE-2005-3626,linux_advanced_workstation
CVE-2005-3626,openserver
CVE-2005-3626,slackware_linux
CVE-2005-3626,suse_linux
CVE-2005-3626,secure_linux
CVE-2005-3626,turbolinux
CVE-2005-3626,turbolinux_appliance_server
CVE-2005-3626,turbolinux_desktop
CVE-2005-3626,turbolinux_home
CVE-2005-3626,turbolinux_multimedia
CVE-2005-3626,turbolinux_personal
CVE-2005-3626,turbolinux_server
CVE-2005-3626,turbolinux_workstation
CVE-2005-3626,ubuntu_linux
CVE-2005-3625,cups
CVE-2005-3625,kdegraphics
CVE-2005-3625,koffice
CVE-2005-3625,kpdf
CVE-2005-3625,kword
CVE-2005-3625,libextractor
CVE-2005-3625,poppler
CVE-2005-3625,propack
CVE-2005-3625,tetex
CVE-2005-3625,xpdf
CVE-2005-3625,linux
CVE-2005-3625,debian_linux
CVE-2005-3625,mandrake_linux
CVE-2005-3625,mandrake_linux_corporate_server
CVE-2005-3625,enterprise_linux
CVE-2005-3625,enterprise_linux_desktop
CVE-2005-3625,fedora_core
CVE-2005-3625,linux_advanced_workstation
CVE-2005-3625,openserver
CVE-2005-3625,slackware_linux
CVE-2005-3625,suse_linux
CVE-2005-3625,secure_linux
CVE-2005-3625,turbolinux
CVE-2005-3625,turbolinux_appliance_server
CVE-2005-3625,turbolinux_desktop
CVE-2005-3625,turbolinux_home
CVE-2005-3625,turbolinux_multimedia
CVE-2005-3625,turbolinux_personal
CVE-2005-3625,turbolinux_server
CVE-2005-3625,turbolinux_workstation
CVE-2005-3625,ubuntu_linux
CVE-2005-3624,cups
CVE-2005-3624,kdegraphics
CVE-2005-3624,koffice
CVE-2005-3624,kpdf
CVE-2005-3624,kword
CVE-2005-3624,libextractor
CVE-2005-3624,poppler
CVE-2005-3624,propack
CVE-2005-3624,tetex
CVE-2005-3624,xpdf
CVE-2005-3624,linux
CVE-2005-3624,debian_linux
CVE-2005-3624,mandrake_linux
CVE-2005-3624,mandrake_linux_corporate_server
CVE-2005-3624,enterprise_linux
CVE-2005-3624,enterprise_linux_desktop
CVE-2005-3624,fedora_core
CVE-2005-3624,linux_advanced_workstation
CVE-2005-3624,openserver
CVE-2005-3624,slackware_linux
CVE-2005-3624,suse_linux
CVE-2005-3624,secure_linux
CVE-2005-3624,turbolinux
CVE-2005-3624,turbolinux_appliance_server
CVE-2005-3624,turbolinux_desktop
CVE-2005-3624,turbolinux_home
CVE-2005-3624,turbolinux_multimedia
CVE-2005-3624,turbolinux_personal
CVE-2005-3624,turbolinux_server
CVE-2005-3624,turbolinux_workstation
CVE-2005-3624,ubuntu_linux
CVE-2005-3623,linux_kernel
CVE-2005-3591,flash_player
CVE-2005-3590,glibc
CVE-2005-3571,phpcalendar
CVE-2005-3571,phpclique
CVE-2005-3571,phpcurrently
CVE-2005-3571,phpfanbase
CVE-2005-3571,phpquotes
CVE-2005-3570,horde
CVE-2005-3567,tivoli_directory_server
CVE-2005-3554,phpkit
CVE-2005-3553,phpkit
CVE-2005-3552,phpkit
CVE-2005-3548,invision_board
CVE-2005-3543,phorum
CVE-2005-3534,nbd
CVE-2005-3529,tikiwiki_cms\/groupware
CVE-2005-3528,tikiwiki_cms\/groupware
CVE-2005-3511,spymac_web_os
CVE-2005-3501,clamav
CVE-2005-3498,websphere_application_server
CVE-2005-3497,php_handicapper
CVE-2005-3496,php_handicapper
CVE-2005-3485,collectn_kill
CVE-2005-3483,go-global
CVE-2005-3467,serv-u
CVE-2005-3398,solaris
CVE-2005-3398,sunos
CVE-2005-3365,dcp-portal
CVE-2005-3357,http_server
CVE-2005-3355,gnump3d
CVE-2005-3354,sylpheed
CVE-2005-3349,gnump3d
CVE-2005-3348,phpsysinfo
CVE-2005-3347,phpgroupware
CVE-2005-3330,snoopy
CVE-2005-3325,analysis_console_for_intrusion_databases
CVE-2005-3325,basic_analysis_and_security_engine
CVE-2005-3317,zipgenius
CVE-2005-3314,netmail
CVE-2005-3294,typsoft_ftp_server
CVE-2005-3283,tikiwiki_cms\/groupware
CVE-2005-3273,linux_kernel
CVE-2005-3269,java_system_directory_proxy_server
CVE-2005-3269,java_system_directory_server
CVE-2005-3269,one_administration_server
CVE-2005-3269,one_directory_server
CVE-2005-3267,skype
CVE-2005-3265,skype
CVE-2005-3257,linux_kernel
CVE-2005-3240,ie
CVE-2005-3205,database_server
CVE-2005-3193,xpdf
CVE-2005-3192,xpdf
CVE-2005-3191,xpdf
CVE-2005-3185,curl
CVE-2005-3185,libcurl
CVE-2005-3185,wget
CVE-2005-3183,libwww
CVE-2005-3181,linux_kernel
CVE-2005-3179,linux_kernel
CVE-2005-3164,tomcat
CVE-2005-3164,cosminexus_application_server
CVE-2005-3154,bitdefender
CVE-2005-3126,antiword
CVE-2005-3119,linux_kernel
CVE-2005-3109,linux_kernel
CVE-2005-3088,fetchmail
CVE-2005-3065,multitheftauto
CVE-2005-3058,fortios
CVE-2005-3058,fortigate
CVE-2005-3056,twiki
CVE-2005-3055,linux_kernel
CVE-2005-3055,debian_linux
CVE-2005-3051,7-zip
CVE-2005-3047,phpmyfaq
CVE-2005-3046,phpmyfaq
CVE-2005-3011,texinfo
CVE-2005-2983,reports
CVE-2005-2981,orion_application_server
CVE-2005-2976,gdkpixbuf
CVE-2005-2976,gtk\+
CVE-2005-2975,gdkpixbuf
CVE-2005-2975,gtk\+
CVE-2005-2972,community_abiword
CVE-2005-2959,sudo
CVE-2005-2946,openssl
CVE-2005-2938,itunes
CVE-2005-2936,realone_player
CVE-2005-2936,realplayer
CVE-2005-2932,zonealarm
CVE-2005-2932,zonealarm_security_suite
CVE-2005-2930,chm_lib
CVE-2005-2929,lynx
CVE-2005-2923,imail_server
CVE-2005-2923,ipswitch_collaboration_suite
CVE-2005-2922,helix_player
CVE-2005-2922,realone_player
CVE-2005-2922,realplayer
CVE-2005-2922,rhapsody
CVE-2005-2919,clamav
CVE-2005-2856,winace
CVE-2005-2819,downfile
CVE-2005-2818,downfile
CVE-2005-2806,bnbt
CVE-2005-2800,linux_kernel
CVE-2005-2754,quicktime
CVE-2005-2753,quicktime
CVE-2005-2752,mac_os_x
CVE-2005-2752,mac_os_x_server
CVE-2005-2741,mac_os_x
CVE-2005-2741,mac_os_x_server
CVE-2005-2741,securityd
CVE-2005-2714,mac_os_x
CVE-2005-2714,mac_os_x_server
CVE-2005-2709,linux_kernel
CVE-2005-2708,linux_kernel
CVE-2005-2703,firefox
CVE-2005-2703,mozilla_suite
CVE-2005-2666,openssh
CVE-2005-2619,keyview_export_sdk
CVE-2005-2619,keyview_filter_sdk
CVE-2005-2619,keyview_viewer_sdk
CVE-2005-2619,lotus_notes
CVE-2005-2618,keyview_export_sdk
CVE-2005-2618,keyview_filter_sdk
CVE-2005-2618,keyview_viewer_sdk
CVE-2005-2618,lotus_notes
CVE-2005-2555,debian_linux
CVE-2005-2555,linux_kernel
CVE-2005-2548,linux_kernel
CVE-2005-2527,java
CVE-2005-2495,xfree86
CVE-2005-2492,ubuntu_linux
CVE-2005-2492,enterprise_linux
CVE-2005-2492,linux_kernel
CVE-2005-2459,linux_kernel
CVE-2005-2459,debian_linux
CVE-2005-2454,lotus_notes
CVE-2005-2378,reports
CVE-2005-2371,reports
CVE-2005-2370,ekg
CVE-2005-2370,gaim
CVE-2005-2368,vim
CVE-2005-2352,gs-gpl
CVE-2005-2351,mutt
CVE-2005-2351,debian_linux
CVE-2005-2350,websieve
CVE-2005-2349,zoo
CVE-2005-2344,blackberry_enterprise_server
CVE-2005-2341,blackberry_attachment_service
CVE-2005-2341,blackberry_enterprise_server
CVE-2005-2340,quicktime
CVE-2005-2335,fetchmail
CVE-2005-2310,winamp
CVE-2005-2254,phpauction
CVE-2005-2224,asp.net
CVE-2005-2177,net-snmp
CVE-2005-2127,catalyst_driver
CVE-2005-2127,.net_framework
CVE-2005-2127,office
CVE-2005-2127,project
CVE-2005-2127,visio
CVE-2005-2127,visual_studio_.net
CVE-2005-2099,linux_kernel
CVE-2005-2087,ie
CVE-2005-2072,solaris
CVE-2005-2072,sunos
CVE-2005-2071,solaris
CVE-2005-2036,cool_cafe_chat
CVE-2005-2035,cool_cafe_chat
CVE-2005-2033,i-gallery
CVE-2005-1996,bitrix_site_manager
CVE-2005-1965,siteframe
CVE-2005-1957,file_upload_manager
CVE-2005-1929,serverprotect
CVE-2005-1928,serverprotect_earthagent
CVE-2005-1925,tikiwiki_cms\/groupware
CVE-2005-1918,tar
CVE-2005-1918,enterprise_linux
CVE-2005-1918,enterprise_linux_desktop
CVE-2005-1918,linux_advanced_workstation
CVE-2005-1852,ekg
CVE-2005-1852,kde
CVE-2005-1852,centericq
CVE-2005-1852,kadu
CVE-2005-1813,tftp_server_2000
CVE-2005-1812,tftp_server_2000
CVE-2005-1795,clamav
CVE-2005-1790,ie
CVE-2005-1787,phpstat
CVE-2005-1778,postnuke
CVE-2005-1775,terminator_3_war_of_the_machines
CVE-2005-1770,avast_antivirus
CVE-2005-1761,open_enterprise_server
CVE-2005-1761,linux_desktop
CVE-2005-1761,suse_linux
CVE-2005-1754,apache_tomcat
CVE-2005-1754,javamail
CVE-2005-1753,javamail
CVE-2005-1704,gdb
CVE-2005-1689,kerberos
CVE-2005-1682,solstice_internet_mail_server
CVE-2005-1628,webapp
CVE-2005-1619,phpmychat
CVE-2005-1532,firefox
CVE-2005-1532,mozilla
CVE-2005-1500,mybloggie
CVE-2005-1487,fishcart
CVE-2005-1486,fishcart
CVE-2005-1462,ethereal
CVE-2005-1426,
CVE-2005-1425,uguestbook
CVE-2005-1398,phpcart
CVE-2005-1330,mac_os_x
CVE-2005-1330,mac_os_x_server
CVE-2005-1155,firefox
CVE-2005-1155,mozilla
CVE-2005-1126,freebsd
CVE-2005-1123,monkey_http_daemon
CVE-2005-1122,monkey_http_daemon
CVE-2005-1028,php-nuke
CVE-2005-1021,ios
CVE-2005-1020,ios
CVE-2005-1017,maxwebportal
CVE-2005-0970,mac_os_x
CVE-2005-0904,windows_xp
CVE-2005-0896,phpmydirectory
CVE-2005-0891,gtk\+
CVE-2005-0844,contivity
CVE-2005-0803,windows_2000
CVE-2005-0797,
CVE-2005-0756,linux_kernel
CVE-2005-0748,webinsta_mailing_manager
CVE-2005-0739,ethereal
CVE-2005-0738,exchange_server
CVE-2005-0735,newsscript
CVE-2005-0720,mcnews
CVE-2005-0709,mysql
CVE-2005-0679,tell_a_friend_script
CVE-2005-0543,phpmyadmin
CVE-2005-0504,linux_kernel
CVE-2005-0492,acrobat_reader
CVE-2005-0485,panews
CVE-2005-0477,invision_power_board
CVE-2005-0449,linux_kernel
CVE-2005-0413,myphp_forum
CVE-2005-0351,openserver
CVE-2005-0256,wu-ftpd
CVE-2005-0247,postgresql
CVE-2005-0244,postgresql
CVE-2005-0227,postgresql
CVE-2005-0211,squid
CVE-2005-0211,debian_linux
CVE-2005-0210,linux_kernel
CVE-2005-0209,linux_kernel
CVE-2005-0200,tikiwiki_cms\/groupware
CVE-2005-0197,ios
CVE-2005-0177,linux_kernel
CVE-2005-0139,irix
CVE-2005-0138,irix
CVE-2005-0116,awstats
CVE-2005-0103,squirrelmail
CVE-2005-0050,windows_2000
CVE-2005-0050,windows_2003_server
CVE-2005-0050,windows_nt
CVE-2004-2779,libid3tag
CVE-2004-2778,portage
CVE-2004-2777,centricity_image_vault_firmware
CVE-2004-2771,linux
CVE-2004-2771,enterprise_linux
CVE-2004-2771,bsd_mailx
CVE-2004-2771,mailx
CVE-2004-2769,ftp_server
CVE-2004-2768,dpkg
CVE-2004-2767,netware_ftp_server
CVE-2004-2767,netware
CVE-2004-2766,iplanet_messaging_server
CVE-2004-2766,one_messaging_server
CVE-2004-2765,iplanet_messaging_server
CVE-2004-2765,one_messaging_server
CVE-2004-2764,jre
CVE-2004-2764,sdk
CVE-2004-2763,iplanet_web_server
CVE-2004-2763,one_web_server
CVE-2004-2761,md5
CVE-2004-2760,openssh
CVE-2004-2757,ichain
CVE-2004-2756,xoops
CVE-2004-2755,web_security
CVE-2004-2754,yabb_se
CVE-2004-2752,postnuke
CVE-2004-2751,postnuke
CVE-2004-2750,jbrowser
CVE-2004-2749,homeportal
CVE-2004-2748,reporting_center
CVE-2004-2747,quick_n_easy_ftp_server
CVE-2004-2746,xtremeasp_photogallery
CVE-2004-2745,ownserver
CVE-2004-2743,mega_upload_progress_bar
CVE-2004-2742,crystal_enterprise
CVE-2004-2741,application_framework
CVE-2004-2740,phprojekt
CVE-2004-2739,phprojekt
CVE-2004-2738,zeroboard
CVE-2004-2737,dna_helpdesk
CVE-2004-2736,helpdesk
CVE-2004-2735,p4db
CVE-2004-2734,netware
CVE-2004-2733,web_wiz_forums
CVE-2004-2732,netbilling
CVE-2004-2731,linux_kernel
CVE-2004-2730,psexec
CVE-2004-2730,psgetsid
CVE-2004-2730,psinfo
CVE-2004-2730,pskill
CVE-2004-2730,pslist
CVE-2004-2730,psloglist
CVE-2004-2730,pspasswd
CVE-2004-2730,psservice
CVE-2004-2730,psshutdown
CVE-2004-2730,pssuspend
CVE-2004-2730,sysinternals_pstools
CVE-2004-2729,connectivity
CVE-2004-2728,connectivity
CVE-2004-2727,mailenable
CVE-2004-2725,aztek_forum
CVE-2004-2724,chat_anywhere
CVE-2004-2723,nessuswx
CVE-2004-2722,nessus
CVE-2004-2721,openskat
CVE-2004-2720,snitz_forums_2000
CVE-2004-2719,foxmail
CVE-2004-2718,phpmychat
CVE-2004-2717,phpmychat
CVE-2004-2716,phpmychat
CVE-2004-2715,phpmychat
CVE-2004-2714,windowmaker
CVE-2004-2713,zonealarm
CVE-2004-2712,gyach_enhanced
CVE-2004-2711,gyach_enhanced
CVE-2004-2710,gyach_enhanced
CVE-2004-2709,gyach_enhanced
CVE-2004-2708,gyach_enhanced
CVE-2004-2704,hastymail
CVE-2004-2704,ie
CVE-2004-2703,mailsweeper_business_suite_i
CVE-2004-2703,mailsweeper_business_suite_ii
CVE-2004-2703,mailsweeper_for_smtp
CVE-2004-2703,mimesweeper_for_web
CVE-2004-2702,plesk
CVE-2004-2701,aspdotnetstorefront
CVE-2004-2700,aspdotnetstorefront
CVE-2004-2699,aspdotnetstorefront
CVE-2004-2698,imwheel
CVE-2004-2697,aix
CVE-2004-2696,weblogic_server
CVE-2004-2695,vbulletin
CVE-2004-2695,ppp
CVE-2004-2694,outlook_express
CVE-2004-2693,hp-ux
CVE-2004-2692,php-exec-dir
CVE-2004-2689,newsphp
CVE-2004-2688,newsphp
CVE-2004-2687,xcode
CVE-2004-2687,samba
CVE-2004-2686,solaris
CVE-2004-2686,sunos
CVE-2004-2685,ccproxy
CVE-2004-2649,eudora
CVE-2004-2608,smart_guest_book
CVE-2004-2596,quake_ii_server
CVE-2004-2592,quake_ii_server
CVE-2004-2541,cscope
CVE-2004-2533,serv-u
CVE-2004-2532,serv-u
CVE-2004-2473,wmfrog
CVE-2004-2466,easy_chat_server
CVE-2004-2386,sredird
CVE-2004-2386,sercd
CVE-2004-2320,weblogic_server
CVE-2004-2182,jrun
CVE-2004-2111,serv-u
CVE-2004-2030,liferay_enterprise_portal
CVE-2004-1992,serv-u
CVE-2004-1928,tikiwiki_cms\/groupware
CVE-2004-1927,tikiwiki_cms\/groupware
CVE-2004-1926,tikiwiki_cms\/groupware
CVE-2004-1925,tikiwiki_cms\/groupware
CVE-2004-1924,tikiwiki_cms\/groupware
CVE-2004-1923,tikiwiki_cms\/groupware
CVE-2004-1875,cpanel
CVE-2004-1863,xmb
CVE-2004-1848,ws_ftp_server
CVE-2004-1848,ipswitch_ws_ftp_server
CVE-2004-1777,skype
CVE-2004-1767,solaris
CVE-2004-1767,sunos
CVE-2004-1760,emergency_responder
CVE-2004-1760,ip_call_center_express_enhanced
CVE-2004-1760,ip_call_center_express_standard
CVE-2004-1760,ip_interactive_voice_response
CVE-2004-1760,personal_assistant
CVE-2004-1760,director_agent
CVE-2004-1760,call_manager
CVE-2004-1760,internet_service_node
CVE-2004-1760,conference_connection
CVE-2004-1760,mcs-7815-1000
CVE-2004-1760,mcs-7815i-2.0
CVE-2004-1760,mcs-7835i-2.4
CVE-2004-1760,mcs-7835i-3.0
CVE-2004-1760,x330
CVE-2004-1760,x340
CVE-2004-1760,x342
CVE-2004-1760,x345
CVE-2004-1759,emergency_responder
CVE-2004-1759,ip_call_center_express_enhanced
CVE-2004-1759,ip_call_center_express_standard
CVE-2004-1759,ip_interactive_voice_response
CVE-2004-1759,personal_assistant
CVE-2004-1759,director_agent
CVE-2004-1759,call_manager
CVE-2004-1759,internet_service_node
CVE-2004-1759,conference_connection
CVE-2004-1759,mcs-7815-1000
CVE-2004-1759,mcs-7815i-2.0
CVE-2004-1759,mcs-7835i-2.4
CVE-2004-1759,mcs-7835i-3.0
CVE-2004-1759,x330
CVE-2004-1759,x340
CVE-2004-1759,x342
CVE-2004-1759,x345
CVE-2004-1675,serv-u
CVE-2004-1617,lynx
CVE-2004-1553,aspwebalbum
CVE-2004-1444,roundup
CVE-2004-1424,moodle
CVE-2004-1423,php-calendar
CVE-2004-1419,zeroboard
CVE-2004-1417,psychostats
CVE-2004-1386,tikiwiki_cms\/groupware
CVE-2004-1371,application_server
CVE-2004-1371,collaboration_suite
CVE-2004-1371,database_server
CVE-2004-1371,e-business_suite
CVE-2004-1371,enterprise_manager
CVE-2004-1371,enterprise_manager_database_control
CVE-2004-1371,enterprise_manager_grid_control
CVE-2004-1371,oracle10g
CVE-2004-1371,oracle8i
CVE-2004-1371,oracle9i
CVE-2004-1367,application_server
CVE-2004-1367,collaboration_suite
CVE-2004-1367,e-business_suite
CVE-2004-1367,enterprise_manager
CVE-2004-1367,enterprise_manager_database_control
CVE-2004-1367,enterprise_manager_grid_control
CVE-2004-1367,oracle10g
CVE-2004-1367,oracle8i
CVE-2004-1367,oracle9i
CVE-2004-1366,application_server
CVE-2004-1366,collaboration_suite
CVE-2004-1366,e-business_suite
CVE-2004-1366,enterprise_manager
CVE-2004-1366,enterprise_manager_database_control
CVE-2004-1366,enterprise_manager_grid_control
CVE-2004-1366,oracle10g
CVE-2004-1366,oracle8i
CVE-2004-1366,oracle9i
CVE-2004-1364,application_server
CVE-2004-1364,collaboration_suite
CVE-2004-1364,e-business_suite
CVE-2004-1364,enterprise_manager
CVE-2004-1364,enterprise_manager_database_control
CVE-2004-1364,enterprise_manager_grid_control
CVE-2004-1364,oracle10g
CVE-2004-1364,oracle8i
CVE-2004-1364,oracle9i
CVE-2004-1363,application_server
CVE-2004-1363,collaboration_suite
CVE-2004-1363,e-business_suite
CVE-2004-1363,enterprise_manager
CVE-2004-1363,enterprise_manager_database_control
CVE-2004-1363,enterprise_manager_grid_control
CVE-2004-1363,oracle10g
CVE-2004-1363,oracle8i
CVE-2004-1363,oracle9i
CVE-2004-1354,solaris
CVE-2004-1354,sunos
CVE-2004-1339,database_server
CVE-2004-1339,oracle9i
CVE-2004-1338,database_server
CVE-2004-1338,oracle9i
CVE-2004-1267,cups
CVE-2004-1267,fedora_core
CVE-2004-1258,abcm2ps
CVE-2004-1211,mercury
CVE-2004-1193,prevx_home
CVE-2004-1166,ie
CVE-2004-1125,cups
CVE-2004-1125,xpdf
CVE-2004-1125,kde
CVE-2004-1114,skype
CVE-2004-1029,java_sdk-rte
CVE-2004-1029,jdk
CVE-2004-1029,jre
CVE-2004-1029,enterprise_firewall
CVE-2004-1029,linux
CVE-2004-1029,hp-ux
CVE-2004-1029,gateway_security_5400
CVE-2004-1019,openpkg
CVE-2004-1019,php
CVE-2004-1019,secure_linux
CVE-2004-1019,ubuntu_linux
CVE-2004-0967,ghostscript
CVE-2004-0940,http_server
CVE-2004-0940,openpkg
CVE-2004-0940,hp-ux
CVE-2004-0940,slackware_linux
CVE-2004-0940,suse_linux
CVE-2004-0940,secure_linux
CVE-2004-0918,openpkg
CVE-2004-0918,squid
CVE-2004-0918,linux
CVE-2004-0918,fedora_core
CVE-2004-0918,secure_linux
CVE-2004-0918,ubuntu_linux
CVE-2004-0867,konqueror
CVE-2004-0867,ie
CVE-2004-0867,firefox
CVE-2004-0867,suse_linux
CVE-2004-0847,asp.net
CVE-2004-0836,mysql
CVE-2004-0836,debian_linux
CVE-2004-0793,bsdmainutils
CVE-2004-0777,courier-imap
CVE-2004-0772,kerberos
CVE-2004-0694,lha
CVE-2004-0678,chat_server
CVE-2004-0643,kerberos
CVE-2004-0642,kerberos
CVE-2004-0638,oracle8i
CVE-2004-0638,oracle9i
CVE-2004-0637,oracle8i
CVE-2004-0637,oracle9i
CVE-2004-0605,ircd-hybrid
CVE-2004-0605,ircd-ratbox
CVE-2004-0478,mozilla
CVE-2004-0416,cvs
CVE-2004-0416,openpkg
CVE-2004-0416,propack
CVE-2004-0416,linux
CVE-2004-0416,openbsd
CVE-2004-0368,cde_common_desktop_environment
CVE-2004-0368,dextop
CVE-2004-0368,aix
CVE-2004-0330,serv-u
CVE-2004-0285,allmyguests
CVE-2004-0285,allmylinks
CVE-2004-0285,allmyvisitors
CVE-2004-0276,monkey_http_daemon
CVE-2004-0273,realone_desktop_manager
CVE-2004-0273,realone_enterprise_desktop
CVE-2004-0273,realone_player
CVE-2004-0244,ios
CVE-2004-0234,mailsweeper
CVE-2004-0234,f-secure_anti-virus
CVE-2004-0234,f-secure_for_firewalls
CVE-2004-0234,f-secure_internet_security
CVE-2004-0234,f-secure_personal_express
CVE-2004-0234,internet_gatekeeper
CVE-2004-0234,winrar
CVE-2004-0234,lha
CVE-2004-0234,propack
CVE-2004-0234,cgpmcafee
CVE-2004-0234,winzip
CVE-2004-0234,fedora_core
CVE-2004-0220,openbsd
CVE-2004-0175,openssh
CVE-2004-0123,windows_2000
CVE-2004-0123,windows_2003_server
CVE-2004-0123,windows_98
CVE-2004-0123,windows_98se
CVE-2004-0123,windows_me
CVE-2004-0123,windows_nt
CVE-2004-0123,windows_xp
CVE-2004-0067,phpgedview
CVE-2004-0041,mod_auth_shadow
CVE-2003-1605,curl
CVE-2003-1603,discovery_vh
CVE-2003-1599,wordpress
CVE-2003-1598,wordpress
CVE-2003-1596,netware_ftp_server
CVE-2003-1596,netware
CVE-2003-1595,netware_ftp_server
CVE-2003-1595,netware
CVE-2003-1594,netware_ftp_server
CVE-2003-1594,netware
CVE-2003-1593,netware_ftp_server
CVE-2003-1593,netware
CVE-2003-1592,netware_ftp_server
CVE-2003-1592,netware
CVE-2003-1588,cluster
CVE-2003-1587,loganpro
CVE-2003-1586,webexpert
CVE-2003-1585,weblog_expert
CVE-2003-1584,surfstats
CVE-2003-1583,webtrends_log_analyzer
CVE-2003-1582,internet_information_server
CVE-2003-1581,http_server
CVE-2003-1580,http_server
CVE-2003-1579,one_web_server
CVE-2003-1577,one_web_server
CVE-2003-1576,change_manager
CVE-2003-1575,vxfs
CVE-2003-1574,tikiwiki_cms\/groupware
CVE-2003-1573,j2ee
CVE-2003-1571,web_wiz_guestbook
CVE-2003-1570,tivoli_storage_manager
CVE-2003-1569,goahead_webserver
CVE-2003-1568,goahead_webserver
CVE-2003-1567,internet_information_services
CVE-2003-1566,internet_information_services
CVE-2003-1564,libxml2
CVE-2003-1562,openssh
CVE-2003-1560,navigator
CVE-2003-1559,ie
CVE-2003-1558,fnord
CVE-2003-1557,spamassassin
CVE-2003-1556,cc_guestbook
CVE-2003-1555,scozbook
CVE-2003-1554,scozbook
CVE-2003-1553,sips
CVE-2003-1552,uploader
CVE-2003-1550,xoops
CVE-2003-1549,myabracadaweb
CVE-2003-1548,myabracadaweb
CVE-2003-1547,php-nuke
CVE-2003-1546,guestbook
CVE-2003-1545,viewpage
CVE-2003-1545,nukestyles_viewpage_module
CVE-2003-1543,java_http_server
CVE-2003-1542,phpwebfilemanager
CVE-2003-1541,guestbook
CVE-2003-1540,wfchat
CVE-2003-1539,simple_file_manager
CVE-2003-1538,suse_linux_openexchange_server
CVE-2003-1538,office_server
CVE-2003-1538,suse_linux
CVE-2003-1537,postnuke
CVE-2003-1536,dcp-portal
CVE-2003-1535,guestbook
CVE-2003-1534,guestbook
CVE-2003-1533,phppass
CVE-2003-1532,phpmyshop
CVE-2003-1531,ceilidh
CVE-2003-1530,phpbb
CVE-2003-1529,j_walk_application_server
CVE-2003-1528,siemens_networker
CVE-2003-1526,php-nuke
CVE-2003-1524,pgpdisk
CVE-2003-1523,dbmail
CVE-2003-1522,vpop3_web_mail_server
CVE-2003-1520,myclassifieds
CVE-2003-1519,clustering_engine
CVE-2003-1518,winsyslog
CVE-2003-1517,shopping_cart
CVE-2003-1515,asr-8100
CVE-2003-1515,asr-8400
CVE-2003-1514,emule
CVE-2003-1513,resin
CVE-2003-1512,mirc
CVE-2003-1511,java_http_server
CVE-2003-1508,mirc
CVE-2003-1506,dansguardian
CVE-2003-1504,goldlink
CVE-2003-1503,instant_messenger
CVE-2003-1501,gast_arbeiter
CVE-2003-1500,cpcommerce
CVE-2003-1499,bytehoard
CVE-2003-1498,zoom_search_engine
CVE-2003-1497,befsx41
CVE-2003-1496,tru64
CVE-2003-1495,insight_management_suite
CVE-2003-1495,insight_manager
CVE-2003-1495,remote_diagnostics_enabling_agent
CVE-2003-1494,openview_network_node_manager
CVE-2003-1492,firefox
CVE-2003-1492,navigator
CVE-2003-1491,personal_firewall
CVE-2003-1490,pro100
CVE-2003-1490,pro200
CVE-2003-1490,pro300
CVE-2003-1489,truegalerie
CVE-2003-1488,truegalerie
CVE-2003-1487,phorum
CVE-2003-1486,phorum
CVE-2003-1485,mailsweeper
CVE-2003-1484,ie
CVE-2003-1483,flashfxp
CVE-2003-1482,mn-500_wireless_base_station
CVE-2003-1481,communigate_pro
CVE-2003-1480,mysql
CVE-2003-1479,webcam_xp
CVE-2003-1478,konqueror
CVE-2003-1477,mailsweeper_for_smtp
CVE-2003-1475,netbus
CVE-2003-1474,slashem-tty
CVE-2003-1473,ltris
CVE-2003-1472,3d-ftp
CVE-2003-1471,mdaemon
CVE-2003-1470,mdaemon
CVE-2003-1469,coldfusion
CVE-2003-1469,coldfusion_professional
CVE-2003-1468,php-nuke
CVE-2003-1467,phorum
CVE-2003-1465,phorum
CVE-2003-1464,m45
CVE-2003-1464,s45
CVE-2003-1463,webadmin
CVE-2003-1461,hp-ux
CVE-2003-1460,worker_filemanager
CVE-2003-1459,ttcms
CVE-2003-1459,ttforum
CVE-2003-1458,ttcms
CVE-2003-1458,ttforum
CVE-2003-1457,comsuite_cti_controlcenter
CVE-2003-1456,album.pl
CVE-2003-1455,pptp_server
CVE-2003-1453,xoops
CVE-2003-1452,qpopper
CVE-2003-1451,norton_antivirus
CVE-2003-1450,bitchx
CVE-2003-1449,esafe_gateway
CVE-2003-1448,windows_2000
CVE-2003-1447,websphere_application_server
CVE-2003-1446,rogue
CVE-2003-1445,far_manager
CVE-2003-1444,kaspersky_anti-virus
CVE-2003-1443,kaspersky_anti-virus
CVE-2003-1442,hm220dp_adsl_modem
CVE-2003-1441,posadis
CVE-2003-1440,spamprobe
CVE-2003-1439,secure_internet_live_conferencing
CVE-2003-1438,weblogic_server
CVE-2003-1436,nukebrowser
CVE-2003-1435,php-nuke
CVE-2003-1434,login_ldap
CVE-2003-1433,unreal_engine
CVE-2003-1432,unreal_engine
CVE-2003-1432,unreal_tournament_2003
CVE-2003-1431,unreal_engine
CVE-2003-1430,unreal_engine
CVE-2003-1429,proxomitron_naoko
CVE-2003-1427,fm114p
CVE-2003-1426,cpanel
CVE-2003-1425,cpanel
CVE-2003-1424,petitforum
CVE-2003-1423,petitforum
CVE-2003-1421,suckbot
CVE-2003-1420,opera_web_browser
CVE-2003-1419,navigator
CVE-2003-1418,http_server
CVE-2003-1417,support_software
CVE-2003-1416,bisonftp_server_4
CVE-2003-1415,netcharts_xbrl_server
CVE-2003-1414,darwin_streaming_server
CVE-2003-1414,quicktime_streaming_server
CVE-2003-1413,darwin_streaming_server
CVE-2003-1413,quicktime_streaming_server
CVE-2003-1412,gonicus_system_administration
CVE-2003-1411,cedric_email_reader
CVE-2003-1410,cedric_email_reader
CVE-2003-1409,topo
CVE-2003-1408,domino_server
CVE-2003-1407,windows_nt
CVE-2003-1406,d_forum
CVE-2003-1405,botbr
CVE-2003-1404,botbr
CVE-2003-1403,botbr
CVE-2003-1402,kietu
CVE-2003-1401,php_board
CVE-2003-1400,php-nuke
CVE-2003-1398,ios
CVE-2003-1397,opera_web_browser
CVE-2003-1396,opera_web_browser
CVE-2003-1395,kazaa_media_desktop
CVE-2003-1394,coffeecup_password_wizard
CVE-2003-1393,sqlbase
CVE-2003-1392,cryptobuddy
CVE-2003-1392,all_windows
CVE-2003-1391,cryptobuddy
CVE-2003-1390,cryptobuddy
CVE-2003-1389,cryptobuddy
CVE-2003-1388,opera
CVE-2003-1387,opera_web_browser
CVE-2003-1386,2400_video_server
CVE-2003-1386,2401_video_server
CVE-2003-1385,invision_power_board
CVE-2003-1384,py-livredor
CVE-2003-1383,web_erp
CVE-2003-1382,ismail
CVE-2003-1381,amx_mod
CVE-2003-1380,bisonftp_server_4
CVE-2003-1379,clarkconnect
CVE-2003-1378,outlook
CVE-2003-1378,outlook_express
CVE-2003-1377,sircd
CVE-2003-1376,winzip
CVE-2003-1375,hp-ux
CVE-2003-1374,hp-ux
CVE-2003-1373,phpbb
CVE-2003-1372,myphpnuke
CVE-2003-1371,nuked-klan
CVE-2003-1370,nuked-klan
CVE-2003-1369,bytecatcherftp
CVE-2003-1368,ftp_client
CVE-2003-1367,majordomo
CVE-2003-1366,openbsd
CVE-2003-1365,cgi_lite
CVE-2003-1364,abyss_web_server
CVE-2003-1362,bastille
CVE-2003-1360,hp-ux
CVE-2003-1359,hp-ux
CVE-2003-1359,predictive_dialer_system
CVE-2003-1358,hp-ux
CVE-2003-1357,proxyview
CVE-2003-1356,hp-ux
CVE-2003-1355,battlefield_1942
CVE-2003-1354,gamespy_3d
CVE-2003-1353,outreach_project_tool
CVE-2003-1352,gabber
CVE-2003-1351,edittag
CVE-2003-1350,list_site_pro
CVE-2003-1349,niteserver_ftpd
CVE-2003-1348,guestbook
CVE-2003-1347,geeklog
CVE-2003-1346,dwl-900ap\+
CVE-2003-1345,webcollection_plus
CVE-2003-1344,virus_control_system
CVE-2003-1343,scanmail
CVE-2003-1342,virus_control_system
CVE-2003-1341,officescan
CVE-2003-1341,virus_buster
CVE-2003-1340,php-nuke
CVE-2003-1339,ezmeeting
CVE-2003-1337,abyss_web_server
CVE-2003-1336,mirc
CVE-2003-1335,simple_and_nice_index_file
CVE-2003-1334,simple_and_nice_index_file
CVE-2003-1320,firmware
CVE-2003-1253,bookmark4u
CVE-2003-1244,phpbb
CVE-2003-1240,cutenews
CVE-2003-1227,gallery
CVE-2003-1209,monkey_http_daemon
CVE-2003-1151,
CVE-2003-1081,solaris
CVE-2003-1081,sunos
CVE-2003-1048,ie
CVE-2003-1048,outlook
CVE-2003-1026,ie
CVE-2003-1025,ie
CVE-2003-1003,pix_firewall
CVE-2003-1003,pix_firewall_software
CVE-2003-0904,exchange_server
CVE-2003-0904,sharepoint_services
CVE-2003-0904,windows_2003_server
CVE-2003-0903,data_access_components
CVE-2003-0899,thttpd
CVE-2003-0858,zebra
CVE-2003-0858,quagga_routing_software_suite
CVE-2003-0857,enterprise_linux
CVE-2003-0831,proftpd
CVE-2003-0825,windows_2000
CVE-2003-0825,windows_2003_server
CVE-2003-0825,windows_nt
CVE-2003-0819,proxy_server
CVE-2003-0801,electronic_documentation
CVE-2003-0795,zebra
CVE-2003-0795,quagga
CVE-2003-0795,propack
CVE-2003-0792,fetchmail
CVE-2003-0738,phpwebsite
CVE-2003-0662,windows_2000
CVE-2003-0624,weblogic_server
CVE-2003-0567,ios
CVE-2003-0567,optical_networking_systems_software
CVE-2003-0567,ons_15454_optical_transport_platform
CVE-2003-0545,openssl
CVE-2003-0542,http_server
CVE-2003-0512,ios
CVE-2003-0498,cache_database
CVE-2003-0497,cache_database
CVE-2003-0456,visnetic_website
CVE-2003-0373,nessus
CVE-2003-0372,nessus
CVE-2003-0368,ggsn
CVE-2003-0367,gzip
CVE-2003-0367,debian_linux
CVE-2003-0310,ez_publish
CVE-2003-0286,snitz_forums_2000
CVE-2003-0230,data_engine
CVE-2003-0230,sql_server
CVE-2003-0222,database_server
CVE-2003-0222,oracle8i
CVE-2003-0222,oracle9i
CVE-2003-0218,monkey_http_daemon
CVE-2003-0096,database_server
CVE-2003-0096,oracle8i
CVE-2003-0096,oracle9i
CVE-2003-0095,database_server
CVE-2003-0095,oracle8i
CVE-2003-0095,oracle9i
CVE-2003-0015,freebsd
CVE-2003-0015,cvs
CVE-2003-0001,freebsd
CVE-2003-0001,linux_kernel
CVE-2003-0001,windows_2000
CVE-2003-0001,windows_2000_terminal_services
CVE-2003-0001,netbsd
CVE-2002-2446,millennium_mg_firmware
CVE-2002-2446,millennium_myosight_firmware
CVE-2002-2446,millennium_nc_firmware
CVE-2002-2444,snoopy
CVE-2002-2443,kerberos
CVE-2002-2439,gcc
CVE-2002-2437,firefox
CVE-2002-2437,thunderbird
CVE-2002-2437,seamonkey
CVE-2002-2436,firefox
CVE-2002-2436,thunderbird
CVE-2002-2436,seamonkey
CVE-2002-2435,ie
CVE-2002-2430,goahead_webserver
CVE-2002-2429,goahead_webserver
CVE-2002-2428,goahead_webserver
CVE-2002-2427,goahead_webserver
CVE-2002-2426,access_essentials
CVE-2002-2426,metaframe_presentation_server
CVE-2002-2426,presentation_server
CVE-2002-2425,solaris_answerbook2
CVE-2002-2424,php\(reactor\)
CVE-2002-2423,sendmail
CVE-2002-2422,insight_management_agent
CVE-2002-2421,acweb
CVE-2002-2420,simple_site_searcher
CVE-2002-2420,super_site_searcher
CVE-2002-2419,dctc
CVE-2002-2418,acfreeproxy
CVE-2002-2417,acftp
CVE-2002-2416,http_server
CVE-2002-2415,at-8024
CVE-2002-2415,rapier_24
CVE-2002-2412,winamp
CVE-2002-2411,bannerwheel
CVE-2002-2410,open_webmail
CVE-2002-2409,neutrino_rtos
CVE-2002-2409,photon_microgui
CVE-2002-2407,rtos
CVE-2002-2406,liteserve
CVE-2002-2405,firewall-1
CVE-2002-2404,iispop
CVE-2002-2403,kf_web_server
CVE-2002-2401,windows_2000
CVE-2002-2401,windows_nt
CVE-2002-2401,windows_xp
CVE-2002-2400,libhttpd
CVE-2002-2399,w3mail
CVE-2002-2397,sygate_personal_firewall
CVE-2002-2396,advanced_tftp
CVE-2002-2395,interscan_viruswall
CVE-2002-2394,interscan_viruswall
CVE-2002-2393,serv-u
CVE-2002-2391,webchat
CVE-2002-2391,xoops
CVE-2002-2390,trillian
CVE-2002-2390,trillian_pro
CVE-2002-2389,the_server
CVE-2002-2388,mail_server
CVE-2002-2387,hyperion_ftp_server
CVE-2002-2386,xoops
CVE-2002-2385,hotfoon
CVE-2002-2384,hotfoon
CVE-2002-2383,f2html.pl
CVE-2002-2382,cvsup
CVE-2002-2381,gtetrinet
CVE-2002-2380,network_firmware
CVE-2002-2379,as5350
CVE-2002-2378,an_httpd
CVE-2002-2377,zap_book
CVE-2002-2376,e-guest
CVE-2002-2375,communigate_pro
CVE-2002-2373,tcp_ip_configuration_utility
CVE-2002-2372,infoprint_21
CVE-2002-2371,wet11
CVE-2002-2369,liteserve
CVE-2002-2368,socks_5
CVE-2002-2367,socks5
CVE-2002-2366,trillian
CVE-2002-2365,simple_wais
CVE-2002-2364,php_ticket
CVE-2002-2363,hp-ux
CVE-2002-2362,mymarket
CVE-2002-2361,messenger
CVE-2002-2360,webmin
CVE-2002-2359,mozilla
CVE-2002-2358,opera_web_browser
CVE-2002-2357,mailenable
CVE-2002-2356,hamweather
CVE-2002-2355,fm114p
CVE-2002-2354,fm114p
CVE-2002-2353,tftpd32
CVE-2002-2351,eudora
CVE-2002-2350,zorum
CVE-2002-2349,phpbbmod
CVE-2002-2348,authoria
CVE-2002-2347,application_server
CVE-2002-2346,phpbb
CVE-2002-2345,application_server
CVE-2002-2344,webppliance
CVE-2002-2343,nocc
CVE-2002-2342,bannermatic
CVE-2002-2341,soho3
CVE-2002-2340,phorum
CVE-2002-2339,ssgbook
CVE-2002-2338,mozilla
CVE-2002-2338,communicator
CVE-2002-2338,navigator
CVE-2002-2336,norton_personal_firewall
CVE-2002-2335,killer_protection
CVE-2002-2334,joe
CVE-2002-2333,kde
CVE-2002-2332,opera_web_browser
CVE-2002-2331,w3mail
CVE-2002-2330,statsplus
CVE-2002-2329,icq
CVE-2002-2328,windows_2000
CVE-2002-2327,sunos
CVE-2002-2326,mac_os_x
CVE-2002-2325,pine
CVE-2002-2324,windows_xp
CVE-2002-2323,solaris_pc_netlink
CVE-2002-2322,ultimate_php_board
CVE-2002-2321,phplinkat
CVE-2002-2320,mysimplenews
CVE-2002-2319,mysimplenews
CVE-2002-2318,falcon_web_server
CVE-2002-2314,mozilla
CVE-2002-2311,ie
CVE-2002-2311,opera_web_browser
CVE-2002-2310,clickcartpro
CVE-2002-2309,php
CVE-2002-2306,kazaa_media_desktop
CVE-2002-2305,immobilier
CVE-2002-2304,myphplinks
CVE-2002-2303,shopfactory
CVE-2002-2302,shopfactory
CVE-2002-2301,lawson_financials
CVE-2002-2300,webbngss3nbxnts
CVE-2002-2299,thatware
CVE-2002-2298,thatware
CVE-2002-2297,thatware
CVE-2002-2296,yabb
CVE-2002-2295,pico_server
CVE-2002-2294,enterprise_firewall
CVE-2002-2294,raptor_firewall
CVE-2002-2294,velociraptor
CVE-2002-2292,iasp
CVE-2002-2291,calisto_internet_talker
CVE-2002-2290,mambo_site_server
CVE-2002-2289,badblue
CVE-2002-2288,site_server
CVE-2002-2287,advanced_quick_reply_hack
CVE-2002-2286,apt-www-proxy
CVE-2002-2285,inoculateit
CVE-2002-2283,windows_xp
CVE-2002-2280,openbsd
CVE-2002-2279,aldap
CVE-2002-2278,portail_web_php
CVE-2002-2277,portail_web_php
CVE-2002-2276,ultimate_php_board
CVE-2002-2273,webster_http_server
CVE-2002-2272,http_server
CVE-2002-2272,tomcat
CVE-2002-2271,bigfun
CVE-2002-2270,hp-ux
CVE-2002-2269,webster_http_server
CVE-2002-2268,webster_http_server
CVE-2002-2265,open_source_internet_solutions
CVE-2002-2263,visualize_conference_ftp
CVE-2002-2261,sendmail
CVE-2002-2260,bugzilla
CVE-2002-2259,gnuplot
CVE-2002-2258,netsuite
CVE-2002-2257,libcgi
CVE-2002-2256,pwins
CVE-2002-2255,phpbb
CVE-2002-2254,linux_kernel
CVE-2002-2253,libsieve
CVE-2002-2252,thatware
CVE-2002-2251,lib_cgi
CVE-2002-2250,adaptive_server
CVE-2002-2249,news_evolution
CVE-2002-2248,communicator
CVE-2002-2247,mambo_site_server
CVE-2002-2246,visnetic_website
CVE-2002-2245,ftpd
CVE-2002-2244,akfingerd
CVE-2002-2242,kismac
CVE-2002-2241,visnetic_website
CVE-2002-2240,myserver
CVE-2002-2239,ios
CVE-2002-2238,kunani_odbc_ftp_server
CVE-2002-2237,tftp_server
CVE-2002-2236,apt-www-proxy
CVE-2002-2235,vbulletin
CVE-2002-2234,screenos
CVE-2002-2233,enceladus_server_suite
CVE-2002-2232,enceladus_server_suite
CVE-2002-2231,ikonboard
CVE-2002-2230,ikonboard
CVE-2002-2229,webreflex
CVE-2002-2228,mailscanner
CVE-2002-2227,ssldump
CVE-2002-2226,tftpd32
CVE-2002-2196,samba
CVE-2002-2154,monkey_http_daemon
CVE-2002-2019,oscommerce
CVE-2002-1991,oscommerce
CVE-2002-1979,legacy_rssa
CVE-2002-1979,soho
CVE-2002-1979,vclass
CVE-2002-1978,ipfilter
CVE-2002-1958,kmmail
CVE-2002-1877,fm114p
CVE-2002-1874,astrocam
CVE-2002-1852,monkey_http_daemon
CVE-2002-1798,midicart_php
CVE-2002-1700,coldfusion
CVE-2002-1700,internet_information_services
CVE-2002-1700,windows_2000
CVE-2002-1663,monkey_http_daemon
CVE-2002-1660,vbulletin
CVE-2002-1651,search97
CVE-2002-1590,solaris
CVE-2002-1590,sunos
CVE-2002-1432,a-cart
CVE-2002-1432,metacart
CVE-2002-1432,midicart_asp
CVE-2002-1432,midicart_asp_maxi
CVE-2002-1432,midicart_asp_plus
CVE-2002-1432,salescart-pro
CVE-2002-1432,salescart-std
CVE-2002-1401,postgresql
CVE-2002-1365,fetchmail
CVE-2002-1360,ios
CVE-2002-1360,ssh_client
CVE-2002-1360,securenetterm
CVE-2002-1360,shellguard_ssh
CVE-2002-1360,secureshell
CVE-2002-1360,putty
CVE-2002-1360,winscp
CVE-2002-1359,ios
CVE-2002-1359,ssh_client
CVE-2002-1359,securenetterm
CVE-2002-1359,shellguard_ssh
CVE-2002-1359,secureshell
CVE-2002-1359,putty
CVE-2002-1359,winscp
CVE-2002-1358,ios
CVE-2002-1358,ssh_client
CVE-2002-1358,securenetterm
CVE-2002-1358,shellguard_ssh
CVE-2002-1358,secureshell
CVE-2002-1358,putty
CVE-2002-1358,winscp
CVE-2002-1357,ios
CVE-2002-1357,ssh_client
CVE-2002-1357,securenetterm
CVE-2002-1357,shellguard_ssh
CVE-2002-1357,secureshell
CVE-2002-1357,putty
CVE-2002-1357,winscp
CVE-2002-1222,catos
CVE-2002-1203,secureway_firewall
CVE-2002-1200,syslog-ng
CVE-2002-1175,fetchmail
CVE-2002-1174,fetchmail
CVE-2002-1111,mantis
CVE-2002-1024,ios
CVE-2002-1024,pix_firewall_software
CVE-2002-1024,css11000_content_services_switch
CVE-2002-1024,catos
CVE-2002-0999,care_2002
CVE-2002-0813,ios
CVE-2002-0649,data_engine
CVE-2002-0649,sql_server
CVE-2002-0596,reporting_center
CVE-2002-0563,application_server
CVE-2002-0563,application_server_web_cache
CVE-2002-0563,oracle8i
CVE-2002-0563,oracle9i
CVE-2002-0493,tomcat
CVE-2002-0422,internet_information_server
CVE-2002-0422,internet_information_services
CVE-2002-0419,internet_information_server
CVE-2002-0419,internet_information_services
CVE-2002-0270,opera_web_browser
CVE-2002-0159,secure_access_control_server
CVE-2002-0146,fetchmail
CVE-2002-0083,immunix
CVE-2002-0083,mandrake_single_network_firewall
CVE-2002-0083,openssh
CVE-2002-0083,openpkg
CVE-2002-0083,linux
CVE-2002-0083,secure_linux
CVE-2002-0083,mandrake_linux
CVE-2002-0083,mandrake_linux_corporate_server
CVE-2002-0083,suse_linux
CVE-2002-0070,windows_2000
CVE-2002-0070,windows_98
CVE-2002-0070,windows_98se
CVE-2002-0070,windows_nt
CVE-2002-0053,windows_2000
CVE-2002-0053,windows_95
CVE-2002-0053,windows_98
CVE-2002-0053,windows_98se
CVE-2002-0053,windows_nt
CVE-2002-0053,windows_xp
CVE-2002-0013,snmp
CVE-2002-0012,snmp
CVE-2001-1594,entegra_p\&r
CVE-2001-1593,a2ps
CVE-2001-1587,netware
CVE-2001-1586,simpleserver_www
CVE-2001-1585,openssh
CVE-2001-1584,cardboard
CVE-2001-1582,solaris
CVE-2001-1582,sunos
CVE-2001-1539,ie
CVE-2001-1473,ssh
CVE-2001-1463,serv-u
CVE-2001-1456,webshield_smtp
CVE-2001-1456,gauntlet_firewall
CVE-2001-1456,e-ppliance_300
CVE-2001-1456,irix
CVE-2001-1456,mcafee_e-ppliance
CVE-2001-1432,cherokee_httpd
CVE-2001-1378,fetchmail
CVE-2001-1247,php
CVE-2001-1205,last_lines
CVE-2001-1009,fetchmail
CVE-2001-0819,fetchmail
CVE-2001-0803,cde_common_desktop_environment
CVE-2001-0781,spoonftp
CVE-2001-0780,directory_pro
CVE-2001-0775,xli
CVE-2001-0775,xloadimage
CVE-2001-0771,spyanywhere
CVE-2001-0748,acme_server
CVE-2001-0629,openview_network_node_manager
CVE-2001-0576,openserver
CVE-2001-0566,catalyst_2900
CVE-2001-0537,ios
CVE-2001-0427,vpn_3000_concentrator
CVE-2001-0427,vpn_3005_concentrator
CVE-2001-0427,vpn_3015_concentrator
CVE-2001-0427,vpn_3030_concentator
CVE-2001-0427,vpn_3060_concentrator
CVE-2001-0427,vpn_3080_concentrator
CVE-2001-0361,openssh
CVE-2001-0361,ssh
CVE-2001-0308,java_http_server
CVE-2001-0307,java_http_server
CVE-2001-0153,visual_basic
CVE-2001-0153,visual_studio
CVE-2001-0136,proftpd
CVE-2001-0136,linux
CVE-2001-0136,debian_linux
CVE-2001-0136,mandrake_linux
CVE-2001-0103,coffeecup_direct_ftp
CVE-2001-0103,coffeecup_free_ftp
CVE-2001-0054,serv-u
CVE-2001-0041,catos
CVE-2000-1254,openssl
CVE-2000-1247,jserv
CVE-2000-1246,netware_ftp_server
CVE-2000-1246,netware
CVE-2000-1205,http_server
CVE-2000-0876,wftpd
CVE-2000-0876,wftpd_pro
CVE-2000-0864,esound
CVE-2000-0844,openlinux_ebuilder
CVE-2000-0844,immunix
CVE-2000-0844,linux
CVE-2000-0844,irix
CVE-2000-0844,openlinux
CVE-2000-0844,openlinux_eserver
CVE-2000-0844,debian_linux
CVE-2000-0844,aix
CVE-2000-0844,mandrake_linux
CVE-2000-0844,slackware_linux
CVE-2000-0844,solaris
CVE-2000-0844,sunos
CVE-2000-0844,suse_linux
CVE-2000-0844,secure_linux
CVE-2000-0844,turbolinux
CVE-2000-0715,diskcheck
CVE-2000-0715,linux
CVE-2000-0649,internet_information_server
CVE-2000-0649,internet_information_services
CVE-2000-0589,sawmill
CVE-2000-0588,sawmill
CVE-2000-0400,internet_explorer
CVE-2000-0380,ios
CVE-2000-0368,ios
CVE-2000-0305,beos
CVE-2000-0305,windows_2000
CVE-2000-0305,windows_95
CVE-2000-0305,windows_98
CVE-2000-0305,windows_nt
CVE-2000-0305,terminal_server
CVE-2000-0277,excel
CVE-2000-0258,internet_information_server
CVE-2000-0258,internet_information_services
CVE-2000-0219,linux
CVE-2000-0155,windows_95
CVE-2000-0155,windows_98
CVE-2000-0155,windows_nt
CVE-2000-0132,virtual_machine
CVE-1999-1593,
CVE-1999-1547,web_listener
CVE-1999-1462,big_brother
CVE-1999-1011,data_access_components
CVE-1999-1011,index_server
CVE-1999-1011,internet_information_server
CVE-1999-1011,site_server
CVE-1999-0999,sql_server
CVE-1999-0995,windows_nt
CVE-1999-0994,windows_nt
CVE-1999-0993,exchange_server
CVE-1999-0987,windows_nt
CVE-1999-0981,ie
CVE-1999-0945,exchange_server
CVE-1999-0918,windows_2000
CVE-1999-0918,windows_95
CVE-1999-0918,windows_98
CVE-1999-0918,windows_nt
CVE-1999-0909,terminal_server
CVE-1999-0909,windows_95
CVE-1999-0909,windows_98se
CVE-1999-0909,windows_nt
CVE-1999-0899,windows_nt
CVE-1999-0898,windows_nt
CVE-1999-0891,ie
CVE-1999-0886,windows_nt
CVE-1999-0877,ie
CVE-1999-0876,ie
CVE-1999-0875,windows_2000
CVE-1999-0875,windows_95
CVE-1999-0875,windows_98se
CVE-1999-0875,solaris
CVE-1999-0875,sunos
CVE-1999-0874,internet_information_server
CVE-1999-0874,windows_2000
CVE-1999-0874,windows_nt
CVE-1999-0867,commercial_internet_system
CVE-1999-0867,internet_information_server
CVE-1999-0867,site_server
CVE-1999-0861,commercial_internet_system
CVE-1999-0861,internet_information_server
CVE-1999-0861,site_server
CVE-1999-0861,site_server_commerce
CVE-1999-0858,ie
CVE-1999-0839,ie
CVE-1999-0802,ie
CVE-1999-0794,excel
CVE-1999-0777,commercial_internet_system
CVE-1999-0777,internet_information_server
CVE-1999-0766,java_virtual_machine
CVE-1999-0755,windows_2000
CVE-1999-0755,windows_nt
CVE-1999-0728,windows_nt
CVE-1999-0726,windows_2000
CVE-1999-0726,windows_nt
CVE-1999-0725,internet_information_server
CVE-1999-0721,windows_2000
CVE-1999-0721,windows_nt
CVE-1999-0702,ie
CVE-1999-0701,windows_nt
CVE-1999-0700,windows_2000
CVE-1999-0700,windows_nt
CVE-1999-0680,terminal_server
CVE-1999-0656,linux_kernel
CVE-1999-0606,ezmall
CVE-1999-0605,merchant_order_form
CVE-1999-0491,bash
CVE-1999-0453,router
CVE-1999-0387,windows_95
CVE-1999-0387,windows_98
CVE-1999-0372,windows_2000
CVE-1999-0372,windows_nt
CVE-1999-0372,backoffice
CVE-1999-0366,windows_nt
CVE-1999-0349,internet_information_server
CVE-1999-0348,internet_information_server
CVE-1999-0226,windows_nt
CVE-1999-0001,bsd_os
CVE-1999-0001,freebsd