cve_id,vendor
CVE-2005-3678,emc
CVE-2005-3662,sun
CVE-2005-3659,emc
CVE-2005-3658,emc
CVE-2005-3656,guiseppe_tanzilli_and_matthias_eckermann
CVE-2005-3653,ca
CVE-2005-3650,first4internet_xcp_drm
CVE-2005-3646,phpadsnew
CVE-2005-3646,phppgads
CVE-2005-3645,phpadsnew
CVE-2005-3645,phppgads
CVE-2005-3644,microsoft
CVE-2005-3640,floosietek
CVE-2005-3631,redhat
CVE-2005-3626,easy_software_products
CVE-2005-3626,kde
CVE-2005-3626,libextractor
CVE-2005-3626,poppler
CVE-2005-3626,sgi
CVE-2005-3626,tetex
CVE-2005-3626,xpdf
CVE-2005-3626,conectiva
CVE-2005-3626,debian
CVE-2005-3626,gentoo
CVE-2005-3626,mandrakesoft
CVE-2005-3626,redhat
CVE-2005-3626,sco
CVE-2005-3626,slackware
CVE-2005-3626,suse
CVE-2005-3626,trustix
CVE-2005-3626,turbolinux
CVE-2005-3626,ubuntu
CVE-2005-3625,easy_software_products
CVE-2005-3625,kde
CVE-2005-3625,libextractor
CVE-2005-3625,poppler
CVE-2005-3625,sgi
CVE-2005-3625,tetex
CVE-2005-3625,xpdf
CVE-2005-3625,conectiva
CVE-2005-3625,debian
CVE-2005-3625,gentoo
CVE-2005-3625,mandrakesoft
CVE-2005-3625,redhat
CVE-2005-3625,sco
CVE-2005-3625,slackware
CVE-2005-3625,suse
CVE-2005-3625,trustix
CVE-2005-3625,turbolinux
CVE-2005-3625,ubuntu
CVE-2005-3624,easy_software_products
CVE-2005-3624,kde
CVE-2005-3624,libextractor
CVE-2005-3624,poppler
CVE-2005-3624,sgi
CVE-2005-3624,tetex
CVE-2005-3624,xpdf
CVE-2005-3624,conectiva
CVE-2005-3624,debian
CVE-2005-3624,gentoo
CVE-2005-3624,mandrakesoft
CVE-2005-3624,redhat
CVE-2005-3624,sco
CVE-2005-3624,slackware
CVE-2005-3624,suse
CVE-2005-3624,trustix
CVE-2005-3624,turbolinux
CVE-2005-3624,ubuntu
CVE-2005-3623,linux
CVE-2005-3591,macromedia
CVE-2005-3590,gnu
CVE-2005-3571,codegrrl
CVE-2005-3570,horde
CVE-2005-3567,ibm
CVE-2005-3554,phpkit
CVE-2005-3553,phpkit
CVE-2005-3552,phpkit
CVE-2005-3548,invision_power_services
CVE-2005-3543,phorum
CVE-2005-3534,wouter_verhelst
CVE-2005-3529,tiki
CVE-2005-3528,tiki
CVE-2005-3511,spymac
CVE-2005-3501,clamav
CVE-2005-3498,ibm
CVE-2005-3497,phphandicapper
CVE-2005-3496,php_handicapper
CVE-2005-3485,glider
CVE-2005-3483,graphon
CVE-2005-3467,serv-u
CVE-2005-3398,sun
CVE-2005-3365,codeworx_technologies
CVE-2005-3357,apache
CVE-2005-3355,gnu
CVE-2005-3354,sylpheed
CVE-2005-3349,gnu
CVE-2005-3348,phpsysinfo
CVE-2005-3347,phpgroupware
CVE-2005-3330,snoopy
CVE-2005-3325,acid
CVE-2005-3325,secureideas
CVE-2005-3317,zipgenius
CVE-2005-3314,novell
CVE-2005-3294,typsoft
CVE-2005-3283,tiki
CVE-2005-3273,linux
CVE-2005-3269,sun
CVE-2005-3267,skype_technologies
CVE-2005-3265,skype_technologies
CVE-2005-3257,linux
CVE-2005-3240,microsoft
CVE-2005-3205,oracle
CVE-2005-3193,xpdf
CVE-2005-3192,xpdf
CVE-2005-3191,xpdf
CVE-2005-3185,curl
CVE-2005-3185,libcurl
CVE-2005-3185,wget
CVE-2005-3183,w3c
CVE-2005-3181,linux
CVE-2005-3179,linux
CVE-2005-3164,apache
CVE-2005-3164,apache_software_foundation
CVE-2005-3164,hitachi
CVE-2005-3154,softwin
CVE-2005-3126,antiword
CVE-2005-3119,linux
CVE-2005-3109,linux
CVE-2005-3088,fetchmail
CVE-2005-3065,multitheftauto
CVE-2005-3058,fortinet
CVE-2005-3056,mutt
CVE-2005-3055,linux
CVE-2005-3055,debian
CVE-2005-3051,igor_pavlov
CVE-2005-3047,phpmyfaq
CVE-2005-3046,phpmyfaq
CVE-2005-3011,gnu
CVE-2005-2983,oracle
CVE-2005-2981,orionserver
CVE-2005-2976,gnome
CVE-2005-2976,gtk
CVE-2005-2975,gnome
CVE-2005-2975,gtk
CVE-2005-2972,abisource
CVE-2005-2959,todd_miller
CVE-2005-2946,openssl
CVE-2005-2938,apple
CVE-2005-2936,realnetworks
CVE-2005-2932,checkpoint
CVE-2005-2930,jed_wing
CVE-2005-2929,university_of_kansas
CVE-2005-2923,ipswitch
CVE-2005-2922,realnetworks
CVE-2005-2919,clam_anti-virus
CVE-2005-2856,winace
CVE-2005-2819,eric_fichot
CVE-2005-2818,eric_fichot
CVE-2005-2806,trevor_hogan
CVE-2005-2800,linux
CVE-2005-2754,apple
CVE-2005-2753,apple
CVE-2005-2752,apple
CVE-2005-2741,apple
CVE-2005-2741,perry_kiehtreiber
CVE-2005-2714,apple
CVE-2005-2709,linux
CVE-2005-2708,linux
CVE-2005-2703,mozilla
CVE-2005-2666,openbsd
CVE-2005-2619,autonomy
CVE-2005-2619,ibm
CVE-2005-2618,autonomy
CVE-2005-2618,ibm
CVE-2005-2555,debian
CVE-2005-2555,linux
CVE-2005-2548,linux
CVE-2005-2527,sun
CVE-2005-2495,xfree86_project
CVE-2005-2492,canonical
CVE-2005-2492,redhat
CVE-2005-2492,linux
CVE-2005-2459,linux
CVE-2005-2459,debian
CVE-2005-2454,ibm
CVE-2005-2378,oracle
CVE-2005-2371,oracle
CVE-2005-2370,ekg
CVE-2005-2370,rob_flynn
CVE-2005-2368,vim_development_group
CVE-2005-2352,gs-gpl_project
CVE-2005-2351,mutt
CVE-2005-2351,debian
CVE-2005-2350,websieve_project
CVE-2005-2349,zoo_project
CVE-2005-2344,rim
CVE-2005-2341,rim
CVE-2005-2340,apple
CVE-2005-2335,fetchmail
CVE-2005-2310,nullsoft
CVE-2005-2254,gianluca_baldo
CVE-2005-2224,microsoft
CVE-2005-2177,net-snmp
CVE-2005-2127,ati
CVE-2005-2127,microsoft
CVE-2005-2099,linux
CVE-2005-2087,microsoft
CVE-2005-2072,sun
CVE-2005-2071,sun
CVE-2005-2036,cool_cafe_chat
CVE-2005-2035,cool_cafe_chat
CVE-2005-2033,blue-collar_productions
CVE-2005-1996,bitrix
CVE-2005-1965,glen_campbell
CVE-2005-1957,adam_mmedici
CVE-2005-1929,trend_micro
CVE-2005-1928,trend_micro
CVE-2005-1925,tiki
CVE-2005-1918,gnu
CVE-2005-1918,redhat
CVE-2005-1852,ekg
CVE-2005-1852,kde
CVE-2005-1852,centericq
CVE-2005-1852,kadu
CVE-2005-1813,futuresoft
CVE-2005-1812,futuresoft
CVE-2005-1795,clam_anti-virus
CVE-2005-1790,microsoft
CVE-2005-1787,phpstat
CVE-2005-1778,postnuke_software_foundation
CVE-2005-1775,atari
CVE-2005-1770,alwil
CVE-2005-1761,novell
CVE-2005-1761,suse
CVE-2005-1754,apache_tomcat
CVE-2005-1754,sun
CVE-2005-1753,sun
CVE-2005-1704,gnu
CVE-2005-1689,mit
CVE-2005-1682,solstice
CVE-2005-1628,web-app.org
CVE-2005-1619,phpheaven
CVE-2005-1532,mozilla
CVE-2005-1500,mywebland
CVE-2005-1487,fishnet
CVE-2005-1486,fishnet
CVE-2005-1462,ethereal_group
CVE-2005-1426,
CVE-2005-1425,uapplication
CVE-2005-1398,phpcart
CVE-2005-1330,apple
CVE-2005-1155,mozilla
CVE-2005-1126,freebsd
CVE-2005-1123,monkey-project
CVE-2005-1122,monkey-project
CVE-2005-1028,phpnuke
CVE-2005-1021,cisco
CVE-2005-1020,cisco
CVE-2005-1017,maxwebportal
CVE-2005-0970,apple
CVE-2005-0904,microsoft
CVE-2005-0896,accomplishtechnology
CVE-2005-0891,gtk
CVE-2005-0844,nortel
CVE-2005-0803,microsoft
CVE-2005-0797,
CVE-2005-0756,linux
CVE-2005-0748,webinsta
CVE-2005-0739,ethereal_group
CVE-2005-0738,microsoft
CVE-2005-0735,newsscript.co.uk
CVE-2005-0720,mcnews
CVE-2005-0709,mysql
CVE-2005-0709,oracle
CVE-2005-0679,stadtaus
CVE-2005-0543,phpmyadmin
CVE-2005-0504,linux
CVE-2005-0492,adobe
CVE-2005-0485,phparena
CVE-2005-0477,invision_power_services
CVE-2005-0449,linux
CVE-2005-0413,myphp_forum
CVE-2005-0351,sco
CVE-2005-0256,washington_university
CVE-2005-0247,postgresql
CVE-2005-0244,postgresql
CVE-2005-0227,postgresql
CVE-2005-0211,squid-cache
CVE-2005-0211,debian
CVE-2005-0210,linux
CVE-2005-0209,linux
CVE-2005-0200,tiki
CVE-2005-0197,cisco
CVE-2005-0177,linux
CVE-2005-0139,sgi
CVE-2005-0138,sgi
CVE-2005-0116,awstats
CVE-2005-0103,squirrelmail
CVE-2005-0050,microsoft
CVE-2004-2779,underbit
CVE-2004-2778,gentoo
CVE-2004-2777,gehealthcare
CVE-2004-2771,oracle
CVE-2004-2771,redhat
CVE-2004-2771,bsd_mailx_project
CVE-2004-2771,heirloom
CVE-2004-2769,cerberusftp
CVE-2004-2768,debian
CVE-2004-2767,novell
CVE-2004-2766,sun
CVE-2004-2765,sun
CVE-2004-2764,sun
CVE-2004-2763,sun
CVE-2004-2761,ietf
CVE-2004-2760,openbsd
CVE-2004-2757,novell
CVE-2004-2756,xoops
CVE-2004-2755,symantec
CVE-2004-2754,yabb
CVE-2004-2752,postnuke_software_foundation
CVE-2004-2751,postnuke_software_foundation
CVE-2004-2750,jbrowser
CVE-2004-2749,2wire
CVE-2004-2748,webtrends
CVE-2004-2747,pablo_software_solutions
CVE-2004-2746,pensacola_web_designs
CVE-2004-2745,anteco_visual_technologies
CVE-2004-2743,raditha_dissanayake
CVE-2004-2742,businessobjects
CVE-2004-2741,horde
CVE-2004-2740,phprojekt
CVE-2004-2739,phprojekt
CVE-2004-2738,zeroboard
CVE-2004-2737,netsupport
CVE-2004-2736,polar_software
CVE-2004-2735,fredric_fredricson
CVE-2004-2734,novell
CVE-2004-2733,webwiz
CVE-2004-2732,netbilling
CVE-2004-2731,linux
CVE-2004-2730,microsoft
CVE-2004-2729,hummingbird
CVE-2004-2728,hummingbird
CVE-2004-2727,mailenable
CVE-2004-2725,aztek_forum
CVE-2004-2724,lionmax_software
CVE-2004-2723,nessus
CVE-2004-2722,nessus
CVE-2004-2721,heiko_stamer
CVE-2004-2720,snitz_communications
CVE-2004-2719,foxmail
CVE-2004-2718,php_heaven
CVE-2004-2717,php_heaven
CVE-2004-2716,php_heaven
CVE-2004-2715,php_heaven
CVE-2004-2714,windowmaker
CVE-2004-2713,zonelabs
CVE-2004-2712,phrozensmoke
CVE-2004-2711,phrozensmoke
CVE-2004-2710,phrozensmoke
CVE-2004-2709,phrozensmoke
CVE-2004-2708,phrozensmoke
CVE-2004-2704,hastymail
CVE-2004-2704,microsoft
CVE-2004-2703,clearswift
CVE-2004-2702,swsoft
CVE-2004-2701,aspdotnetstorefront
CVE-2004-2700,aspdotnetstorefront
CVE-2004-2699,aspdotnetstorefront
CVE-2004-2698,imwheel
CVE-2004-2697,ibm
CVE-2004-2696,bea
CVE-2004-2695,jelsoft
CVE-2004-2695,samba
CVE-2004-2694,microsoft
CVE-2004-2693,hp
CVE-2004-2692,kyberdigi_labs
CVE-2004-2689,newsphp
CVE-2004-2688,newsphp
CVE-2004-2687,apple
CVE-2004-2687,samba
CVE-2004-2686,sun
CVE-2004-2685,youngzsoft
CVE-2004-2649,eudora
CVE-2004-2608,smartwebby
CVE-2004-2596,id_software
CVE-2004-2592,id_software
CVE-2004-2541,cscope
CVE-2004-2533,serv-u
CVE-2004-2532,serv-u
CVE-2004-2473,wmfrog
CVE-2004-2466,efs_software
CVE-2004-2386,denis_sbragion
CVE-2004-2386,peter_astrand
CVE-2004-2320,bea
CVE-2004-2182,macromedia
CVE-2004-2111,serv-u
CVE-2004-2030,liferay
CVE-2004-1992,serv-u
CVE-2004-1928,tiki
CVE-2004-1927,tiki
CVE-2004-1926,tiki
CVE-2004-1925,tiki
CVE-2004-1924,tiki
CVE-2004-1923,tiki
CVE-2004-1875,cpanel
CVE-2004-1863,xmb_forum
CVE-2004-1848,ipswitch
CVE-2004-1848,progress
CVE-2004-1777,skype_technologies
CVE-2004-1767,sun
CVE-2004-1760,cisco
CVE-2004-1760,ibm
CVE-2004-1759,cisco
CVE-2004-1759,ibm
CVE-2004-1675,serv-u
CVE-2004-1617,university_of_kansas
CVE-2004-1553,fullrevolution
CVE-2004-1444,roundup-tracker
CVE-2004-1424,moodle
CVE-2004-1423,php-calendar
CVE-2004-1419,zeroboard
CVE-2004-1417,psychostats
CVE-2004-1386,tiki
CVE-2004-1371,oracle
CVE-2004-1367,oracle
CVE-2004-1366,oracle
CVE-2004-1364,oracle
CVE-2004-1363,oracle
CVE-2004-1354,sun
CVE-2004-1339,oracle
CVE-2004-1338,oracle
CVE-2004-1267,easy_software_products
CVE-2004-1267,redhat
CVE-2004-1258,moinejf
CVE-2004-1211,david_harris
CVE-2004-1193,prevx
CVE-2004-1166,microsoft
CVE-2004-1125,easy_software_products
CVE-2004-1125,xpdf
CVE-2004-1125,kde
CVE-2004-1114,skype_technologies
CVE-2004-1029,hp
CVE-2004-1029,sun
CVE-2004-1029,symantec
CVE-2004-1029,conectiva
CVE-2004-1029,gentoo
CVE-2004-1019,openpkg
CVE-2004-1019,php
CVE-2004-1019,trustix
CVE-2004-1019,ubuntu
CVE-2004-0967,aladdin_enterprises
CVE-2004-0940,apache
CVE-2004-0940,openpkg
CVE-2004-0940,hp
CVE-2004-0940,slackware
CVE-2004-0940,suse
CVE-2004-0940,trustix
CVE-2004-0918,openpkg
CVE-2004-0918,squid
CVE-2004-0918,gentoo
CVE-2004-0918,redhat
CVE-2004-0918,trustix
CVE-2004-0918,ubuntu
CVE-2004-0867,kde
CVE-2004-0867,microsoft
CVE-2004-0867,mozilla
CVE-2004-0867,suse
CVE-2004-0847,microsoft
CVE-2004-0836,mysql
CVE-2004-0836,oracle
CVE-2004-0836,debian
CVE-2004-0793,debian
CVE-2004-0777,inter7
CVE-2004-0772,mit
CVE-2004-0694,tsugio_okamoto
CVE-2004-0678,12planet
CVE-2004-0643,mit
CVE-2004-0642,mit
CVE-2004-0638,oracle
CVE-2004-0637,oracle
CVE-2004-0605,ircd-hybrid
CVE-2004-0605,ircd-ratbox
CVE-2004-0478,mozilla
CVE-2004-0416,cvs
CVE-2004-0416,openpkg
CVE-2004-0416,sgi
CVE-2004-0416,gentoo
CVE-2004-0416,openbsd
CVE-2004-0368,open_group
CVE-2004-0368,xi_graphics
CVE-2004-0368,ibm
CVE-2004-0330,serv-u
CVE-2004-0285,voice_of_web
CVE-2004-0276,monkey-project
CVE-2004-0273,realnetworks
CVE-2004-0244,cisco
CVE-2004-0234,clearswift
CVE-2004-0234,f-secure
CVE-2004-0234,rarlab
CVE-2004-0234,redhat
CVE-2004-0234,sgi
CVE-2004-0234,stalker
CVE-2004-0234,tsugio_okamoto
CVE-2004-0234,winzip
CVE-2004-0220,openbsd
CVE-2004-0175,openbsd
CVE-2004-0123,microsoft
CVE-2004-0067,phpgedview
CVE-2004-0041,mod_auth_shadow
CVE-2003-1605,haxx
CVE-2003-1603,gehealthcare
CVE-2003-1599,wordpress
CVE-2003-1598,wordpress
CVE-2003-1596,novell
CVE-2003-1595,novell
CVE-2003-1594,novell
CVE-2003-1593,novell
CVE-2003-1592,novell
CVE-2003-1588,sun
CVE-2003-1587,iplanet
CVE-2003-1586,iplanet
CVE-2003-1585,alentum
CVE-2003-1584,surfstats
CVE-2003-1583,webtrends
CVE-2003-1582,microsoft
CVE-2003-1581,apache
CVE-2003-1580,apache
CVE-2003-1579,sun
CVE-2003-1577,sun
CVE-2003-1576,sun
CVE-2003-1575,symantec
CVE-2003-1574,tiki
CVE-2003-1573,sun
CVE-2003-1571,webwizguide
CVE-2003-1570,ibm
CVE-2003-1569,goahead
CVE-2003-1568,goahead
CVE-2003-1568,goahead_software
CVE-2003-1567,microsoft
CVE-2003-1566,microsoft
CVE-2003-1564,xmlsoft
CVE-2003-1562,openbsd
CVE-2003-1560,netscape
CVE-2003-1559,microsoft
CVE-2003-1558,fefe
CVE-2003-1557,spamassassin
CVE-2003-1556,cgi_city
CVE-2003-1555,scoznet
CVE-2003-1554,scoznet
CVE-2003-1553,sips
CVE-2003-1552,graeme
CVE-2003-1550,xoops
CVE-2003-1549,myabracadaweb
CVE-2003-1548,myabracadaweb
CVE-2003-1547,francisco_burzi
CVE-2003-1546,filebased
CVE-2003-1545,nukestyles
CVE-2003-1545,phpnuke
CVE-2003-1543,bajie
CVE-2003-1542,ondrej_jombik
CVE-2003-1541,planetmoon
CVE-2003-1540,wfchat
CVE-2003-1539,onedotoh
CVE-2003-1538,suse
CVE-2003-1537,postnuke_software_foundation
CVE-2003-1536,dcp-portal
CVE-2003-1535,justice_media
CVE-2003-1534,justice_media
CVE-2003-1533,phppass
CVE-2003-1532,julien_desaunay
CVE-2003-1531,lilikoi
CVE-2003-1530,phpbb
CVE-2003-1529,seagull_software_systems
CVE-2003-1528,fujitsu
CVE-2003-1526,francisco_burzi
CVE-2003-1524,pgpi
CVE-2003-1523,dbmail
CVE-2003-1522,pscs
CVE-2003-1520,fuzzymonkey
CVE-2003-1519,vivisimo
CVE-2003-1518,adiscon
CVE-2003-1517,dansie
CVE-2003-1515,origo
CVE-2003-1514,emule
CVE-2003-1513,caucho_technology
CVE-2003-1512,khaled_mardam-bey
CVE-2003-1511,bajie
CVE-2003-1508,mirc
CVE-2003-1506,daniel_barron
CVE-2003-1504,goldscripts
CVE-2003-1503,aol
CVE-2003-1501,gast_arbeiter
CVE-2003-1500,cpcommerce
CVE-2003-1499,bytehoard
CVE-2003-1498,wrensoft
CVE-2003-1497,linksys
CVE-2003-1496,hp
CVE-2003-1495,hp
CVE-2003-1494,hp
CVE-2003-1492,mozilla
CVE-2003-1492,netscape
CVE-2003-1491,kerio
CVE-2003-1490,sonicwall
CVE-2003-1489,truegalerie
CVE-2003-1488,truelogik
CVE-2003-1487,phorum
CVE-2003-1486,phorum
CVE-2003-1485,clearswift
CVE-2003-1484,microsoft
CVE-2003-1483,flashfxp
CVE-2003-1482,microsoft
CVE-2003-1481,stalker
CVE-2003-1480,mysql
CVE-2003-1480,oracle
CVE-2003-1479,darkwet
CVE-2003-1478,kde
CVE-2003-1477,clearswift
CVE-2003-1475,netbus
CVE-2003-1474,freebsd
CVE-2003-1473,lgames
CVE-2003-1472,3d-ftp
CVE-2003-1471,alt-n
CVE-2003-1470,alt-n
CVE-2003-1469,macromedia
CVE-2003-1468,francisco_burzi
CVE-2003-1467,phorum
CVE-2003-1465,phorum
CVE-2003-1464,siemens
CVE-2003-1463,alt-n
CVE-2003-1461,hp
CVE-2003-1460,ralf_hoffmann
CVE-2003-1459,ttcms
CVE-2003-1458,ttcms
CVE-2003-1457,auerswald
CVE-2003-1456,mike_bobbitt
CVE-2003-1455,poptop
CVE-2003-1453,xoops
CVE-2003-1452,qualcomm
CVE-2003-1451,symantec
CVE-2003-1450,bitchx
CVE-2003-1449,aladdin_knowledge_systems
CVE-2003-1448,microsoft
CVE-2003-1447,ibm
CVE-2003-1446,rogue
CVE-2003-1445,rarlab
CVE-2003-1444,kaspersky_lab
CVE-2003-1443,kaspersky_lab
CVE-2003-1442,ericsson
CVE-2003-1441,posadis
CVE-2003-1440,burton_computer_corporation
CVE-2003-1439,silc
CVE-2003-1438,bea
CVE-2003-1436,crossnuke
CVE-2003-1435,francisco_burzi
CVE-2003-1434,pete_werner
CVE-2003-1433,epic_games
CVE-2003-1432,epic_games
CVE-2003-1431,epic_games
CVE-2003-1430,epic_games
CVE-2003-1429,proxomitron
CVE-2003-1427,netgear
CVE-2003-1426,cpanel
CVE-2003-1425,cpanel
CVE-2003-1424,petitforum
CVE-2003-1423,petitforum
CVE-2003-1421,suckbot
CVE-2003-1420,opera_software
CVE-2003-1419,netscape
CVE-2003-1418,apache
CVE-2003-1417,ncipher
CVE-2003-1416,bisonftp
CVE-2003-1415,visual_mining
CVE-2003-1414,apple
CVE-2003-1413,apple
CVE-2003-1412,gonicus
CVE-2003-1411,isoca
CVE-2003-1410,isoca
CVE-2003-1409,ej3
CVE-2003-1408,lotus
CVE-2003-1407,microsoft
CVE-2003-1406,adalis_infomatique
CVE-2003-1405,dotbr
CVE-2003-1404,dotbr
CVE-2003-1403,dotbr
CVE-2003-1402,kietu
CVE-2003-1401,php_board
CVE-2003-1400,francisco_burzi
CVE-2003-1398,cisco
CVE-2003-1397,opera_software
CVE-2003-1396,opera_software
CVE-2003-1395,kazaa
CVE-2003-1394,coffeecup_software
CVE-2003-1393,gupta_technologies
CVE-2003-1392,research_triangle_software
CVE-2003-1392,microsoft
CVE-2003-1391,research_triangle_software
CVE-2003-1390,research_triangle_software
CVE-2003-1389,research_triangle_software
CVE-2003-1388,opera_software
CVE-2003-1387,opera_software
CVE-2003-1386,axis
CVE-2003-1385,invision_power_services
CVE-2003-1384,py_software
CVE-2003-1383,logicworks
CVE-2003-1382,instantservers_inc.
CVE-2003-1381,amxmod.net
CVE-2003-1380,bisonftp
CVE-2003-1379,point_clark_networks
CVE-2003-1378,microsoft
CVE-2003-1377,sircd
CVE-2003-1376,winzip
CVE-2003-1375,hp
CVE-2003-1374,hp
CVE-2003-1373,phpbb_group
CVE-2003-1372,myphpnuke
CVE-2003-1371,nuked-klan
CVE-2003-1370,nuked-klan
CVE-2003-1369,save_it_software_pty
CVE-2003-1368,electrasoft
CVE-2003-1367,great_circle_associates
CVE-2003-1366,openbsd
CVE-2003-1365,perl
CVE-2003-1364,aprelium_technologies
CVE-2003-1362,hp
CVE-2003-1360,hp
CVE-2003-1359,hp
CVE-2003-1359,avaya
CVE-2003-1358,hp
CVE-2003-1357,replicom
CVE-2003-1356,hp
CVE-2003-1355,electronic_arts
CVE-2003-1354,gamespy3d
CVE-2003-1353,lanifex
CVE-2003-1352,gabber
CVE-2003-1351,greg_billock
CVE-2003-1350,list_site_pro
CVE-2003-1349,thomas_krebs
CVE-2003-1348,ftls
CVE-2003-1347,geeklog
CVE-2003-1346,d-link
CVE-2003-1345,follett_software
CVE-2003-1344,trend_micro
CVE-2003-1343,trend_micro
CVE-2003-1342,trend_micro
CVE-2003-1341,trend_micro
CVE-2003-1340,phpnuke
CVE-2003-1339,ezmeeting
CVE-2003-1337,aprelium_technologies
CVE-2003-1336,mirc
CVE-2003-1335,kai_blankenhorn_bitfolge
CVE-2003-1334,kai_blankenhorn_bitfolge
CVE-2003-1320,sonicwall
CVE-2003-1253,sangwan_kim
CVE-2003-1244,phpbb_group
CVE-2003-1240,cutephp
CVE-2003-1227,gallery_project
CVE-2003-1209,monkey-project
CVE-2003-1151,
CVE-2003-1081,sun
CVE-2003-1048,microsoft
CVE-2003-1026,microsoft
CVE-2003-1025,microsoft
CVE-2003-1003,cisco
CVE-2003-0904,microsoft
CVE-2003-0903,microsoft
CVE-2003-0899,acme_labs
CVE-2003-0858,gnu
CVE-2003-0858,quagga
CVE-2003-0857,redhat
CVE-2003-0831,proftpd_project
CVE-2003-0825,microsoft
CVE-2003-0819,microsoft
CVE-2003-0801,nokia
CVE-2003-0795,gnu
CVE-2003-0795,quagga
CVE-2003-0795,sgi
CVE-2003-0792,fetchmail
CVE-2003-0738,phpwebsite
CVE-2003-0662,microsoft
CVE-2003-0624,bea
CVE-2003-0567,cisco
CVE-2003-0545,openssl
CVE-2003-0542,apache
CVE-2003-0512,cisco
CVE-2003-0498,intersystems
CVE-2003-0497,intersystems
CVE-2003-0456,deerfield
CVE-2003-0373,nessus
CVE-2003-0372,nessus
CVE-2003-0368,nokia
CVE-2003-0367,gnu
CVE-2003-0367,debian
CVE-2003-0310,ez
CVE-2003-0286,snitz_communications
CVE-2003-0230,microsoft
CVE-2003-0222,oracle
CVE-2003-0218,monkey-project
CVE-2003-0096,oracle
CVE-2003-0095,oracle
CVE-2003-0015,freebsd
CVE-2003-0015,cvs
CVE-2003-0001,freebsd
CVE-2003-0001,linux
CVE-2003-0001,microsoft
CVE-2003-0001,netbsd
CVE-2002-2446,gehealthcare
CVE-2002-2444,snoopy_project
CVE-2002-2443,mit
CVE-2002-2439,gnu
CVE-2002-2437,mozilla
CVE-2002-2436,mozilla
CVE-2002-2435,microsoft
CVE-2002-2430,goahead
CVE-2002-2429,goahead
CVE-2002-2428,goahead
CVE-2002-2427,goahead
CVE-2002-2426,citrix
CVE-2002-2425,sun
CVE-2002-2424,ekilat_llc
CVE-2002-2423,sendmail
CVE-2002-2422,compaq
CVE-2002-2421,andrey_cherezov
CVE-2002-2420,independent_solution
CVE-2002-2419,dctc_project
CVE-2002-2418,acfp_project
CVE-2002-2417,acftp
CVE-2002-2416,zeroo
CVE-2002-2415,alliedtelesyn
CVE-2002-2412,nullsoft
CVE-2002-2411,bannerwheel
CVE-2002-2410,open_webmail
CVE-2002-2409,qnx
CVE-2002-2407,qnx
CVE-2002-2406,perception
CVE-2002-2405,checkpoint
CVE-2002-2404,curtis_specialty_consulting
CVE-2002-2403,key_focus
CVE-2002-2401,microsoft
CVE-2002-2400,hughes_technologies
CVE-2002-2399,cascadesoft
CVE-2002-2397,symantec
CVE-2002-2396,remi_lefebvre
CVE-2002-2395,trend_micro
CVE-2002-2394,trend_micro
CVE-2002-2393,serv-u
CVE-2002-2391,webchat.org
CVE-2002-2391,xoops
CVE-2002-2390,cerulean_studios
CVE-2002-2389,fastlink_software
CVE-2002-2388,inweb
CVE-2002-2387,mollensoft_software
CVE-2002-2386,xoops
CVE-2002-2385,hotfoon_corporation
CVE-2002-2384,hotfoon_corporation
CVE-2002-2383,f2html.pl
CVE-2002-2382,cvsup
CVE-2002-2381,ka-shu_wong
CVE-2002-2380,microsoft
CVE-2002-2379,cisco
CVE-2002-2378,nakata
CVE-2002-2377,sephiroth32
CVE-2002-2376,leung
CVE-2002-2375,stalker
CVE-2002-2373,apple
CVE-2002-2372,ibm
CVE-2002-2371,linksys
CVE-2002-2369,perception
CVE-2002-2368,nec
CVE-2002-2367,socks5
CVE-2002-2366,cerulean_studios
CVE-2002-2365,springer_verlag_berlin_heidelberg
CVE-2002-2364,sourceforge
CVE-2002-2363,hp
CVE-2002-2362,sourceforge
CVE-2002-2361,yahoo
CVE-2002-2360,webmin
CVE-2002-2359,mozilla
CVE-2002-2358,opera_software
CVE-2002-2357,mailenable
CVE-2002-2356,hamweather
CVE-2002-2355,netgear
CVE-2002-2354,netgear
CVE-2002-2353,tftpd32
CVE-2002-2351,qualcomm
CVE-2002-2350,phpoutsourcing
CVE-2002-2349,phpbb
CVE-2002-2348,authoria
CVE-2002-2347,oracle
CVE-2002-2346,phpbb
CVE-2002-2345,oracle
CVE-2002-2344,ensim
CVE-2002-2343,nocc
CVE-2002-2342,joe_depasquale
CVE-2002-2341,sonicwall
CVE-2002-2340,phorum
CVE-2002-2339,script_shed
CVE-2002-2338,mozilla
CVE-2002-2338,netscape
CVE-2002-2336,symantec
CVE-2002-2335,john_drake
CVE-2002-2334,joseph_allen
CVE-2002-2333,kde
CVE-2002-2332,opera_software
CVE-2002-2331,cascadesoft
CVE-2002-2330,uninet
CVE-2002-2329,mirabilis
CVE-2002-2328,microsoft
CVE-2002-2327,sun
CVE-2002-2326,apple
CVE-2002-2325,university_of_washington
CVE-2002-2324,microsoft
CVE-2002-2323,sun
CVE-2002-2322,ultimate_php_board
CVE-2002-2321,phplinkat
CVE-2002-2320,mysimplenews
CVE-2002-2319,mysimplenews
CVE-2002-2318,blueface
CVE-2002-2314,mozilla
CVE-2002-2311,microsoft
CVE-2002-2311,opera_software
CVE-2002-2310,kryptronic
CVE-2002-2309,php
CVE-2002-2306,kazaa
CVE-2002-2305,phpsecure.org
CVE-2002-2304,myphpsoft
CVE-2002-2303,3d3.com
CVE-2002-2302,3d3.com
CVE-2002-2301,lawson_software
CVE-2002-2300,3com
CVE-2002-2299,atthat.com
CVE-2002-2298,atthat.com
CVE-2002-2297,atthat.com
CVE-2002-2296,yabb
CVE-2002-2295,pico_server
CVE-2002-2294,symantec
CVE-2002-2292,halycon_software
CVE-2002-2291,calisto
CVE-2002-2290,mambo
CVE-2002-2289,working_resources_inc.
CVE-2002-2288,mambo
CVE-2002-2287,phpbb
CVE-2002-2286,apt-www-proxy
CVE-2002-2285,ca
CVE-2002-2283,microsoft
CVE-2002-2280,openbsd
CVE-2002-2279,aldap
CVE-2002-2278,portail_web_php
CVE-2002-2277,portail_web_php
CVE-2002-2276,ultimate_php_board
CVE-2002-2273,webster
CVE-2002-2272,apache
CVE-2002-2271,bigfun
CVE-2002-2270,hp
CVE-2002-2269,webster
CVE-2002-2268,netdave
CVE-2002-2265,open_source_internet_solutions
CVE-2002-2263,hp
CVE-2002-2261,sendmail
CVE-2002-2260,mozilla
CVE-2002-2259,gnuplot
CVE-2002-2258,mobydisk
CVE-2002-2257,tuxbr
CVE-2002-2256,pwins
CVE-2002-2255,phpbb
CVE-2002-2254,linux
CVE-2002-2253,cyrus
CVE-2002-2252,atthat.com
CVE-2002-2251,marcos_luiz_onisto
CVE-2002-2250,sybase
CVE-2002-2249,php_evolution
CVE-2002-2248,netscape
CVE-2002-2247,mambo
CVE-2002-2246,deerfield
CVE-2002-2245,netbsd
CVE-2002-2244,akfingerd
CVE-2002-2242,kismac
CVE-2002-2241,deerfield
CVE-2002-2240,myserver
CVE-2002-2239,cisco
CVE-2002-2238,kunani
CVE-2002-2237,tftp
CVE-2002-2236,apt-www-proxy
CVE-2002-2235,jelsoft
CVE-2002-2234,netscreen
CVE-2002-2233,mollensoft_software
CVE-2002-2232,mollensoft_software
CVE-2002-2231,ikonboard
CVE-2002-2230,ikonboard
CVE-2002-2229,sapio_design_ltd
CVE-2002-2228,mailscanner
CVE-2002-2227,rtfm
CVE-2002-2226,tftpd32
CVE-2002-2196,samba
CVE-2002-2154,monkey-project
CVE-2002-2019,oscommerce
CVE-2002-1991,oscommerce
CVE-2002-1979,watchguard
CVE-2002-1978,darren_reed
CVE-2002-1958,kmmail
CVE-2002-1877,netgear
CVE-2002-1874,astrocam
CVE-2002-1852,monkey-project
CVE-2002-1798,coxco_support
CVE-2002-1700,macromedia
CVE-2002-1700,microsoft
CVE-2002-1663,monkey-project
CVE-2002-1660,jelsoft
CVE-2002-1651,verity
CVE-2002-1590,sun
CVE-2002-1432,coxco_support
CVE-2002-1401,postgresql
CVE-2002-1365,fetchmail
CVE-2002-1360,cisco
CVE-2002-1360,fissh
CVE-2002-1360,intersoft
CVE-2002-1360,netcomposite
CVE-2002-1360,pragma_systems
CVE-2002-1360,putty
CVE-2002-1360,winscp
CVE-2002-1359,cisco
CVE-2002-1359,fissh
CVE-2002-1359,intersoft
CVE-2002-1359,netcomposite
CVE-2002-1359,pragma_systems
CVE-2002-1359,putty
CVE-2002-1359,winscp
CVE-2002-1358,cisco
CVE-2002-1358,fissh
CVE-2002-1358,intersoft
CVE-2002-1358,netcomposite
CVE-2002-1358,pragma_systems
CVE-2002-1358,putty
CVE-2002-1358,winscp
CVE-2002-1357,cisco
CVE-2002-1357,fissh
CVE-2002-1357,intersoft
CVE-2002-1357,netcomposite
CVE-2002-1357,pragma_systems
CVE-2002-1357,putty
CVE-2002-1357,winscp
CVE-2002-1222,cisco
CVE-2002-1203,ibm
CVE-2002-1200,balabit
CVE-2002-1175,fetchmail
CVE-2002-1174,fetchmail
CVE-2002-1111,mantis
CVE-2002-1024,cisco
CVE-2002-0999,care_2002
CVE-2002-0813,cisco
CVE-2002-0649,microsoft
CVE-2002-0596,webtrends
CVE-2002-0563,oracle
CVE-2002-0493,apache
CVE-2002-0422,microsoft
CVE-2002-0419,microsoft
CVE-2002-0270,opera_software
CVE-2002-0159,cisco
CVE-2002-0146,fetchmail
CVE-2002-0083,immunix
CVE-2002-0083,mandrakesoft
CVE-2002-0083,openbsd
CVE-2002-0083,openpkg
CVE-2002-0083,conectiva
CVE-2002-0083,engardelinux
CVE-2002-0083,redhat
CVE-2002-0083,suse
CVE-2002-0083,trustix
CVE-2002-0070,microsoft
CVE-2002-0053,microsoft
CVE-2002-0013,snmp
CVE-2002-0012,snmp
CVE-2001-1594,gehealthcare
CVE-2001-1593,gnu
CVE-2001-1587,novell
CVE-2001-1586,analogx
CVE-2001-1585,openbsd
CVE-2001-1584,michael_barretto
CVE-2001-1582,sun
CVE-2001-1539,microsoft
CVE-2001-1473,ssh
CVE-2001-1463,serv-u
CVE-2001-1456,mcafee
CVE-2001-1456,network_associates
CVE-2001-1456,pgp
CVE-2001-1456,sgi
CVE-2001-1432,cherokee
CVE-2001-1378,fetchmail
CVE-2001-1247,php
CVE-2001-1205,matrixs_cgi_vault
CVE-2001-1009,fetchmail
CVE-2001-0819,fetchmail
CVE-2001-0803,open_group
CVE-2001-0781,pi-soft
CVE-2001-0780,cosmicperl
CVE-2001-0775,xli
CVE-2001-0775,xloadimage
CVE-2001-0771,spytech-web
CVE-2001-0748,acme_labs
CVE-2001-0629,hp
CVE-2001-0576,sco
CVE-2001-0566,cisco
CVE-2001-0537,cisco
CVE-2001-0427,cisco
CVE-2001-0361,openbsd
CVE-2001-0361,ssh
CVE-2001-0308,bajie
CVE-2001-0307,bajie
CVE-2001-0153,microsoft
CVE-2001-0136,proftpd
CVE-2001-0136,conectiva
CVE-2001-0136,debian
CVE-2001-0136,mandrakesoft
CVE-2001-0103,coffeecup_software
CVE-2001-0054,serv-u
CVE-2001-0041,cisco
CVE-2000-1254,openssl
CVE-2000-1247,apache
CVE-2000-1246,novell
CVE-2000-1205,apache
CVE-2000-0876,texas_imperial_software
CVE-2000-0864,gnome
CVE-2000-0844,caldera
CVE-2000-0844,immunix
CVE-2000-0844,conectiva
CVE-2000-0844,sgi
CVE-2000-0844,debian
CVE-2000-0844,ibm
CVE-2000-0844,mandrakesoft
CVE-2000-0844,redhat
CVE-2000-0844,slackware
CVE-2000-0844,sun
CVE-2000-0844,suse
CVE-2000-0844,trustix
CVE-2000-0844,turbolinux
CVE-2000-0715,kirk_bauer
CVE-2000-0715,conectiva
CVE-2000-0649,microsoft
CVE-2000-0589,sawmill
CVE-2000-0588,sawmill
CVE-2000-0400,microsoft
CVE-2000-0380,cisco
CVE-2000-0368,cisco
CVE-2000-0305,be
CVE-2000-0305,microsoft
CVE-2000-0277,microsoft
CVE-2000-0258,microsoft
CVE-2000-0219,redhat
CVE-2000-0155,microsoft
CVE-2000-0132,microsoft
CVE-1999-1593,
CVE-1999-1547,oracle
CVE-1999-1462,bb4
CVE-1999-1011,microsoft
CVE-1999-0999,microsoft
CVE-1999-0995,microsoft
CVE-1999-0994,microsoft
CVE-1999-0993,microsoft
CVE-1999-0987,microsoft
CVE-1999-0981,microsoft
CVE-1999-0945,microsoft
CVE-1999-0918,microsoft
CVE-1999-0909,microsoft
CVE-1999-0899,microsoft
CVE-1999-0898,microsoft
CVE-1999-0891,microsoft
CVE-1999-0886,microsoft
CVE-1999-0877,microsoft
CVE-1999-0876,microsoft
CVE-1999-0875,microsoft
CVE-1999-0875,sun
CVE-1999-0874,microsoft
CVE-1999-0867,microsoft
CVE-1999-0861,microsoft
CVE-1999-0858,microsoft
CVE-1999-0839,microsoft
CVE-1999-0802,microsoft
CVE-1999-0794,microsoft
CVE-1999-0777,microsoft
CVE-1999-0766,microsoft
CVE-1999-0755,microsoft
CVE-1999-0728,microsoft
CVE-1999-0726,microsoft
CVE-1999-0725,microsoft
CVE-1999-0721,microsoft
CVE-1999-0702,microsoft
CVE-1999-0701,microsoft
CVE-1999-0700,microsoft
CVE-1999-0680,microsoft
CVE-1999-0656,linux
CVE-1999-0606,seaside_enterprises
CVE-1999-0605,austin_contract_computing
CVE-1999-0491,gnu
CVE-1999-0453,cisco
CVE-1999-0387,microsoft
CVE-1999-0372,microsoft
CVE-1999-0366,microsoft
CVE-1999-0349,microsoft
CVE-1999-0348,microsoft
CVE-1999-0226,microsoft
CVE-1999-0001,bsdi
CVE-1999-0001,freebsd
CVE-1999-0001,openbsd
